startingAirport,destinationAirport,isBasicEconomy,isRefundable,isNonStop,totalFare
ATL,BOS,FALSE,FALSE,TRUE,248.6
ATL,BOS,FALSE,FALSE,TRUE,248.6
ATL,BOS,FALSE,FALSE,TRUE,248.6
ATL,BOS,FALSE,FALSE,TRUE,248.6
ATL,BOS,FALSE,FALSE,TRUE,248.6
ATL,BOS,FALSE,FALSE,TRUE,248.6
ATL,BOS,FALSE,FALSE,FALSE,251.1
ATL,BOS,FALSE,FALSE,FALSE,251.1
ATL,BOS,FALSE,FALSE,FALSE,251.1
ATL,BOS,FALSE,FALSE,FALSE,251.1
ATL,BOS,FALSE,FALSE,FALSE,252.6
ATL,BOS,FALSE,FALSE,FALSE,252.6
ATL,BOS,FALSE,FALSE,FALSE,252.6
ATL,BOS,FALSE,FALSE,FALSE,252.6
ATL,BOS,FALSE,FALSE,FALSE,252.6
ATL,BOS,FALSE,FALSE,FALSE,290.58
ATL,BOS,FALSE,FALSE,TRUE,300.1
ATL,BOS,FALSE,FALSE,FALSE,302.11
ATL,BOS,FALSE,FALSE,FALSE,302.11
ATL,BOS,FALSE,FALSE,FALSE,302.11
ATL,BOS,FALSE,FALSE,FALSE,302.11
ATL,BOS,FALSE,FALSE,FALSE,302.11
ATL,BOS,TRUE,FALSE,FALSE,307.2
ATL,BOS,TRUE,FALSE,FALSE,307.2
ATL,BOS,TRUE,FALSE,FALSE,307.2
ATL,BOS,FALSE,FALSE,FALSE,311.58
ATL,BOS,FALSE,FALSE,FALSE,318.6
ATL,BOS,FALSE,FALSE,FALSE,318.6
ATL,BOS,FALSE,FALSE,TRUE,328.6
ATL,BOS,FALSE,FALSE,TRUE,355.09
ATL,BOS,FALSE,FALSE,TRUE,398.6
ATL,BOS,FALSE,FALSE,TRUE,398.6
ATL,BOS,FALSE,FALSE,TRUE,398.6
ATL,BOS,FALSE,FALSE,FALSE,406.6
ATL,BOS,FALSE,FALSE,FALSE,406.6
ATL,BOS,FALSE,FALSE,TRUE,410.18
ATL,BOS,FALSE,FALSE,FALSE,511.6
ATL,CLT,FALSE,FALSE,FALSE,387.6
ATL,CLT,FALSE,FALSE,FALSE,388.6
ATL,CLT,FALSE,FALSE,TRUE,398.6
ATL,CLT,FALSE,FALSE,TRUE,398.6
ATL,CLT,FALSE,FALSE,TRUE,398.6
ATL,CLT,FALSE,FALSE,TRUE,398.6
ATL,CLT,FALSE,FALSE,TRUE,398.6
ATL,CLT,FALSE,FALSE,TRUE,398.6
ATL,CLT,FALSE,FALSE,TRUE,398.6
ATL,CLT,FALSE,FALSE,TRUE,398.6
ATL,CLT,FALSE,FALSE,TRUE,398.6
ATL,CLT,FALSE,FALSE,TRUE,398.6
ATL,CLT,FALSE,FALSE,TRUE,398.6
ATL,CLT,FALSE,FALSE,TRUE,398.6
ATL,CLT,FALSE,FALSE,FALSE,405.19
ATL,CLT,FALSE,FALSE,FALSE,492.6
ATL,CLT,FALSE,FALSE,FALSE,492.6
ATL,CLT,FALSE,FALSE,FALSE,492.6
ATL,CLT,FALSE,FALSE,FALSE,498.2
ATL,CLT,FALSE,FALSE,FALSE,498.2
ATL,CLT,FALSE,FALSE,FALSE,542.6
ATL,CLT,FALSE,FALSE,TRUE,559.6
ATL,CLT,FALSE,FALSE,FALSE,597.2
ATL,DEN,FALSE,FALSE,TRUE,133.98
ATL,DEN,FALSE,FALSE,FALSE,194.58
ATL,DEN,FALSE,FALSE,TRUE,296.61
ATL,DEN,FALSE,FALSE,TRUE,296.61
ATL,DEN,FALSE,FALSE,TRUE,296.61
ATL,DEN,FALSE,FALSE,TRUE,296.61
ATL,DEN,FALSE,FALSE,TRUE,296.61
ATL,DEN,FALSE,FALSE,TRUE,296.61
ATL,DEN,FALSE,FALSE,TRUE,296.61
ATL,DEN,FALSE,FALSE,TRUE,296.61
ATL,DEN,FALSE,FALSE,TRUE,296.61
ATL,DEN,FALSE,FALSE,TRUE,296.61
ATL,DEN,FALSE,FALSE,TRUE,296.61
ATL,DEN,FALSE,FALSE,FALSE,304.11
ATL,DEN,FALSE,FALSE,FALSE,304.11
ATL,DEN,FALSE,FALSE,FALSE,304.11
ATL,DEN,FALSE,FALSE,FALSE,305.61
ATL,DEN,FALSE,FALSE,FALSE,305.61
ATL,DEN,FALSE,FALSE,FALSE,305.61
ATL,DEN,FALSE,FALSE,FALSE,305.61
ATL,DEN,FALSE,FALSE,FALSE,305.61
ATL,DEN,FALSE,FALSE,FALSE,305.61
ATL,DEN,FALSE,FALSE,FALSE,305.61
ATL,DEN,FALSE,FALSE,FALSE,305.61
ATL,DEN,FALSE,FALSE,FALSE,305.61
ATL,DEN,FALSE,FALSE,FALSE,305.61
ATL,DEN,FALSE,FALSE,FALSE,305.61
ATL,DEN,FALSE,FALSE,FALSE,305.61
ATL,DEN,FALSE,FALSE,FALSE,305.61
ATL,DEN,FALSE,FALSE,FALSE,305.61
ATL,DEN,FALSE,FALSE,FALSE,305.61
ATL,DEN,FALSE,FALSE,FALSE,311.58
ATL,DEN,FALSE,FALSE,FALSE,311.58
ATL,DEN,FALSE,FALSE,FALSE,407.6
ATL,DEN,FALSE,FALSE,FALSE,554.01
ATL,DFW,FALSE,FALSE,TRUE,168.59
ATL,DFW,FALSE,FALSE,TRUE,202.6
ATL,DFW,FALSE,FALSE,TRUE,202.6
ATL,DFW,FALSE,FALSE,TRUE,202.6
ATL,DFW,FALSE,FALSE,TRUE,202.6
ATL,DFW,FALSE,FALSE,TRUE,202.6
ATL,DFW,FALSE,FALSE,TRUE,202.6
ATL,DFW,FALSE,FALSE,TRUE,202.6
ATL,DFW,FALSE,FALSE,TRUE,202.6
ATL,DFW,FALSE,FALSE,TRUE,202.6
ATL,DFW,FALSE,FALSE,TRUE,202.6
ATL,DFW,FALSE,FALSE,TRUE,202.6
ATL,DFW,FALSE,FALSE,TRUE,202.6
ATL,DFW,FALSE,FALSE,TRUE,202.6
ATL,DFW,FALSE,FALSE,TRUE,202.6
ATL,DFW,FALSE,FALSE,FALSE,210.1
ATL,DFW,FALSE,FALSE,FALSE,210.1
ATL,DFW,FALSE,FALSE,FALSE,211.6
ATL,DFW,FALSE,FALSE,FALSE,211.6
ATL,DFW,FALSE,FALSE,FALSE,211.6
ATL,DFW,FALSE,FALSE,FALSE,211.6
ATL,DFW,FALSE,FALSE,FALSE,211.6
ATL,DFW,FALSE,FALSE,FALSE,211.6
ATL,DFW,FALSE,FALSE,FALSE,211.6
ATL,DFW,FALSE,FALSE,TRUE,252.61
ATL,DFW,FALSE,FALSE,TRUE,259.6
ATL,DFW,FALSE,FALSE,TRUE,278.6
ATL,DFW,FALSE,FALSE,FALSE,318.6
ATL,DFW,FALSE,FALSE,TRUE,328.6
ATL,DFW,FALSE,FALSE,FALSE,339.58
ATL,DFW,FALSE,FALSE,FALSE,339.58
ATL,DFW,FALSE,FALSE,FALSE,339.58
ATL,DFW,FALSE,FALSE,FALSE,349.58
ATL,DFW,FALSE,FALSE,FALSE,349.58
ATL,DFW,FALSE,FALSE,TRUE,403.99
ATL,DTW,FALSE,FALSE,TRUE,165.59
ATL,DTW,FALSE,FALSE,TRUE,165.59
ATL,DTW,FALSE,FALSE,FALSE,210.1
ATL,DTW,FALSE,FALSE,FALSE,211.6
ATL,DTW,FALSE,FALSE,FALSE,211.6
ATL,DTW,FALSE,FALSE,FALSE,211.6
ATL,DTW,FALSE,FALSE,FALSE,211.6
ATL,DTW,FALSE,FALSE,FALSE,211.6
ATL,DTW,FALSE,FALSE,FALSE,211.6
ATL,DTW,FALSE,FALSE,FALSE,211.6
ATL,DTW,FALSE,FALSE,FALSE,268.6
ATL,DTW,FALSE,FALSE,FALSE,268.6
ATL,DTW,FALSE,FALSE,FALSE,298.6
ATL,DTW,FALSE,FALSE,FALSE,298.6
ATL,DTW,FALSE,FALSE,FALSE,306.58
ATL,DTW,FALSE,FALSE,FALSE,306.58
ATL,DTW,FALSE,FALSE,FALSE,313.61
ATL,DTW,FALSE,FALSE,FALSE,316.1
ATL,DTW,FALSE,FALSE,FALSE,316.1
ATL,DTW,FALSE,FALSE,FALSE,316.1
ATL,DTW,FALSE,FALSE,FALSE,316.58
ATL,DTW,FALSE,FALSE,FALSE,316.58
ATL,DTW,FALSE,FALSE,FALSE,398.6
ATL,DTW,FALSE,FALSE,FALSE,430.2
ATL,DTW,FALSE,FALSE,FALSE,430.2
ATL,DTW,FALSE,FALSE,FALSE,430.2
ATL,DTW,FALSE,FALSE,FALSE,430.2
ATL,DTW,FALSE,FALSE,FALSE,431.61
ATL,DTW,FALSE,FALSE,FALSE,431.61
ATL,DTW,FALSE,FALSE,FALSE,431.61
ATL,DTW,FALSE,FALSE,FALSE,440.19
ATL,DTW,FALSE,FALSE,FALSE,440.19
ATL,DTW,FALSE,FALSE,FALSE,440.19
ATL,DTW,FALSE,FALSE,FALSE,452.19
ATL,DTW,FALSE,FALSE,FALSE,487.59
ATL,DTW,FALSE,FALSE,FALSE,491.59
ATL,DTW,FALSE,FALSE,FALSE,491.59
ATL,DTW,FALSE,FALSE,FALSE,491.59
ATL,DTW,FALSE,FALSE,FALSE,491.59
ATL,DTW,FALSE,FALSE,FALSE,491.59
ATL,DTW,FALSE,FALSE,FALSE,491.59
ATL,DTW,FALSE,FALSE,FALSE,497.19
ATL,DTW,FALSE,FALSE,FALSE,497.19
ATL,DTW,FALSE,FALSE,TRUE,498.6
ATL,DTW,FALSE,FALSE,TRUE,498.6
ATL,DTW,FALSE,FALSE,TRUE,498.6
ATL,DTW,FALSE,FALSE,TRUE,498.6
ATL,DTW,FALSE,FALSE,TRUE,498.6
ATL,DTW,FALSE,FALSE,TRUE,498.6
ATL,DTW,FALSE,FALSE,TRUE,498.6
ATL,DTW,FALSE,FALSE,TRUE,498.6
ATL,DTW,FALSE,FALSE,FALSE,501.2
ATL,DTW,FALSE,FALSE,FALSE,510.2
ATL,DTW,FALSE,FALSE,FALSE,511.6
ATL,DTW,FALSE,FALSE,FALSE,511.6
ATL,DTW,FALSE,FALSE,FALSE,511.6
ATL,DTW,FALSE,FALSE,FALSE,521.59
ATL,DTW,FALSE,FALSE,FALSE,552.2
ATL,DTW,FALSE,FALSE,FALSE,552.2
ATL,DTW,FALSE,FALSE,FALSE,574.6
ATL,DTW,FALSE,FALSE,FALSE,577.2
ATL,DTW,FALSE,FALSE,FALSE,591.61
ATL,DTW,FALSE,FALSE,FALSE,601.2
ATL,DTW,FALSE,FALSE,FALSE,622.19
ATL,DTW,FALSE,FALSE,FALSE,631.6
ATL,DTW,FALSE,FALSE,FALSE,631.6
ATL,DTW,FALSE,FALSE,FALSE,640.2
ATL,DTW,FALSE,FALSE,FALSE,649.61
ATL,DTW,FALSE,FALSE,FALSE,671.6
ATL,DTW,FALSE,FALSE,FALSE,743.59
ATL,DTW,FALSE,FALSE,FALSE,747.2
ATL,DTW,FALSE,FALSE,FALSE,787.55
ATL,DTW,FALSE,FALSE,FALSE,791.6
ATL,DTW,FALSE,FALSE,FALSE,791.6
ATL,DTW,FALSE,FALSE,FALSE,791.6
ATL,DTW,FALSE,FALSE,FALSE,841.6
ATL,DTW,FALSE,FALSE,FALSE,847.2
ATL,EWR,FALSE,FALSE,TRUE,157.59
ATL,EWR,FALSE,FALSE,TRUE,157.59
ATL,EWR,FALSE,FALSE,TRUE,198.6
ATL,EWR,FALSE,FALSE,TRUE,203.6
ATL,EWR,FALSE,FALSE,TRUE,203.6
ATL,EWR,FALSE,FALSE,TRUE,203.6
ATL,EWR,FALSE,FALSE,TRUE,203.6
ATL,EWR,FALSE,FALSE,TRUE,203.6
ATL,EWR,FALSE,FALSE,TRUE,203.6
ATL,EWR,FALSE,FALSE,TRUE,203.6
ATL,EWR,TRUE,FALSE,TRUE,203.6
ATL,EWR,TRUE,FALSE,TRUE,203.6
ATL,EWR,FALSE,FALSE,FALSE,206.1
ATL,EWR,FALSE,FALSE,FALSE,207.6
ATL,EWR,FALSE,FALSE,FALSE,207.6
ATL,EWR,FALSE,FALSE,FALSE,207.6
ATL,EWR,FALSE,FALSE,FALSE,207.6
ATL,EWR,FALSE,FALSE,FALSE,207.6
ATL,EWR,FALSE,FALSE,FALSE,207.6
ATL,EWR,TRUE,FALSE,FALSE,212.6
ATL,EWR,FALSE,FALSE,TRUE,228.6
ATL,EWR,FALSE,FALSE,TRUE,253.61
ATL,EWR,FALSE,FALSE,TRUE,253.61
ATL,EWR,FALSE,FALSE,TRUE,253.61
ATL,EWR,FALSE,FALSE,TRUE,253.61
ATL,EWR,FALSE,FALSE,FALSE,262.61
ATL,EWR,FALSE,FALSE,TRUE,278.6
ATL,EWR,FALSE,FALSE,TRUE,278.6
ATL,EWR,FALSE,FALSE,FALSE,306.1
ATL,EWR,FALSE,FALSE,FALSE,306.1
ATL,EWR,FALSE,FALSE,FALSE,306.1
ATL,EWR,FALSE,FALSE,FALSE,371.58
ATL,IAD,FALSE,FALSE,TRUE,258.6
ATL,IAD,FALSE,FALSE,FALSE,360.69
ATL,IAD,FALSE,FALSE,TRUE,378.6
ATL,IAD,FALSE,FALSE,TRUE,378.6
ATL,IAD,FALSE,FALSE,FALSE,442.59
ATL,IAD,FALSE,FALSE,FALSE,448.19
ATL,IAD,FALSE,FALSE,TRUE,458.6
ATL,IAD,FALSE,FALSE,FALSE,466.1
ATL,IAD,FALSE,FALSE,FALSE,466.1
ATL,IAD,FALSE,FALSE,FALSE,466.1
ATL,IAD,FALSE,FALSE,FALSE,467.2
ATL,IAD,FALSE,FALSE,FALSE,486.19
ATL,IAD,FALSE,FALSE,FALSE,486.19
ATL,IAD,FALSE,FALSE,FALSE,487.2
ATL,IAD,FALSE,FALSE,FALSE,492.19
ATL,IAD,FALSE,FALSE,TRUE,498.6
ATL,IAD,FALSE,FALSE,TRUE,498.6
ATL,IAD,FALSE,FALSE,FALSE,506.1
ATL,IAD,FALSE,FALSE,FALSE,507.2
ATL,IAD,FALSE,FALSE,FALSE,527.19
ATL,IAD,FALSE,FALSE,FALSE,572.19
ATL,IAD,FALSE,FALSE,FALSE,746.14
ATL,IAD,FALSE,FALSE,FALSE,817.54
ATL,JFK,FALSE,FALSE,TRUE,198.6
ATL,JFK,FALSE,FALSE,TRUE,198.6
ATL,JFK,FALSE,FALSE,TRUE,198.6
ATL,JFK,FALSE,FALSE,FALSE,206.1
ATL,JFK,FALSE,FALSE,FALSE,207.6
ATL,JFK,FALSE,FALSE,TRUE,223.6
ATL,JFK,FALSE,FALSE,TRUE,223.6
ATL,JFK,FALSE,FALSE,TRUE,259.6
ATL,JFK,FALSE,FALSE,TRUE,278.6
ATL,JFK,FALSE,FALSE,FALSE,306.1
ATL,JFK,FALSE,FALSE,FALSE,306.1
ATL,JFK,FALSE,FALSE,FALSE,306.1
ATL,JFK,FALSE,FALSE,TRUE,338.61
ATL,JFK,FALSE,FALSE,TRUE,368.6
ATL,JFK,FALSE,FALSE,TRUE,478.6
ATL,JFK,FALSE,FALSE,FALSE,552.2
ATL,JFK,FALSE,FALSE,FALSE,577.1
ATL,JFK,FALSE,FALSE,FALSE,582.7
ATL,JFK,FALSE,FALSE,FALSE,601.2
ATL,JFK,FALSE,FALSE,FALSE,601.2
ATL,JFK,FALSE,FALSE,FALSE,666.59
ATL,JFK,FALSE,FALSE,FALSE,672.19
ATL,LAX,FALSE,FALSE,FALSE,239.6
ATL,LAX,FALSE,FALSE,FALSE,244.1
ATL,LAX,FALSE,FALSE,TRUE,328.59
ATL,LAX,FALSE,FALSE,TRUE,328.59
ATL,LAX,FALSE,FALSE,FALSE,357.6
ATL,LAX,FALSE,FALSE,FALSE,357.6
ATL,LAX,FALSE,FALSE,FALSE,357.6
ATL,LAX,FALSE,FALSE,FALSE,357.6
ATL,LAX,FALSE,FALSE,FALSE,357.6
ATL,LAX,FALSE,FALSE,FALSE,369.1
ATL,LAX,FALSE,FALSE,FALSE,369.1
ATL,LAX,FALSE,FALSE,FALSE,370.6
ATL,LAX,FALSE,FALSE,FALSE,370.6
ATL,LAX,FALSE,FALSE,FALSE,370.6
ATL,LAX,FALSE,FALSE,FALSE,370.6
ATL,LAX,FALSE,FALSE,FALSE,370.6
ATL,LAX,FALSE,FALSE,FALSE,370.6
ATL,LAX,FALSE,FALSE,FALSE,370.6
ATL,LAX,FALSE,FALSE,FALSE,370.6
ATL,LAX,FALSE,FALSE,FALSE,370.6
ATL,LAX,FALSE,FALSE,FALSE,370.6
ATL,LAX,FALSE,FALSE,FALSE,370.6
ATL,LAX,FALSE,FALSE,FALSE,370.6
ATL,LAX,FALSE,FALSE,FALSE,370.6
ATL,LAX,FALSE,FALSE,FALSE,379.58
ATL,LAX,FALSE,FALSE,FALSE,448.6
ATL,LAX,FALSE,FALSE,FALSE,460.2
ATL,LAX,FALSE,FALSE,TRUE,498.6
ATL,LAX,FALSE,FALSE,TRUE,498.6
ATL,LAX,FALSE,FALSE,TRUE,498.6
ATL,LAX,FALSE,FALSE,FALSE,499.2
ATL,LAX,FALSE,FALSE,FALSE,507.6
ATL,LAX,FALSE,FALSE,FALSE,507.6
ATL,LAX,FALSE,FALSE,FALSE,507.6
ATL,LAX,FALSE,FALSE,FALSE,511.6
ATL,LAX,FALSE,FALSE,FALSE,528.6
ATL,LAX,FALSE,FALSE,FALSE,529.58
ATL,LAX,FALSE,FALSE,FALSE,531.59
ATL,LAX,FALSE,FALSE,FALSE,555.6
ATL,LAX,FALSE,FALSE,FALSE,561.2
ATL,LAX,FALSE,FALSE,FALSE,563.61
ATL,LAX,FALSE,FALSE,FALSE,569.58
ATL,LAX,FALSE,FALSE,FALSE,583.2
ATL,LAX,FALSE,FALSE,TRUE,598.61
ATL,LAX,FALSE,FALSE,TRUE,598.61
ATL,LAX,FALSE,FALSE,TRUE,598.61
ATL,LAX,FALSE,FALSE,TRUE,598.61
ATL,LAX,FALSE,FALSE,TRUE,598.61
ATL,LAX,FALSE,FALSE,TRUE,598.61
ATL,LAX,FALSE,FALSE,TRUE,598.61
ATL,LAX,FALSE,FALSE,TRUE,598.61
ATL,LAX,FALSE,FALSE,TRUE,598.61
ATL,LAX,FALSE,FALSE,TRUE,598.61
ATL,LAX,FALSE,FALSE,TRUE,598.61
ATL,LAX,FALSE,FALSE,TRUE,598.61
ATL,LAX,FALSE,FALSE,TRUE,598.61
ATL,LAX,FALSE,FALSE,FALSE,616.07
ATL,LAX,FALSE,FALSE,FALSE,723.2
ATL,LAX,FALSE,FALSE,FALSE,738.59
ATL,LAX,FALSE,FALSE,FALSE,738.59
ATL,LAX,FALSE,FALSE,FALSE,791.6
ATL,LAX,FALSE,FALSE,FALSE,841.6
ATL,LAX,FALSE,FALSE,FALSE,841.6
ATL,LAX,FALSE,FALSE,FALSE,941.6
ATL,LAX,FALSE,FALSE,FALSE,947.2
ATL,LAX,FALSE,FALSE,FALSE,947.2
ATL,LGA,FALSE,FALSE,TRUE,193.99
ATL,LGA,FALSE,FALSE,TRUE,198.6
ATL,LGA,FALSE,FALSE,TRUE,198.6
ATL,LGA,FALSE,FALSE,TRUE,198.6
ATL,LGA,FALSE,FALSE,TRUE,198.6
ATL,LGA,FALSE,FALSE,TRUE,198.6
ATL,LGA,FALSE,FALSE,TRUE,198.6
ATL,LGA,FALSE,FALSE,TRUE,198.6
ATL,LGA,FALSE,FALSE,TRUE,198.6
ATL,LGA,FALSE,FALSE,TRUE,198.6
ATL,LGA,FALSE,FALSE,TRUE,198.6
ATL,LGA,FALSE,FALSE,TRUE,198.6
ATL,LGA,FALSE,FALSE,TRUE,198.6
ATL,LGA,FALSE,FALSE,FALSE,206.1
ATL,LGA,FALSE,FALSE,FALSE,206.1
ATL,LGA,FALSE,FALSE,FALSE,207.6
ATL,LGA,FALSE,FALSE,FALSE,207.6
ATL,LGA,FALSE,FALSE,FALSE,207.6
ATL,LGA,FALSE,FALSE,FALSE,207.6
ATL,LGA,FALSE,FALSE,FALSE,207.6
ATL,LGA,FALSE,FALSE,FALSE,207.6
ATL,LGA,FALSE,FALSE,FALSE,207.6
ATL,LGA,FALSE,FALSE,FALSE,207.6
ATL,LGA,FALSE,FALSE,FALSE,207.6
ATL,LGA,FALSE,FALSE,FALSE,207.6
ATL,LGA,FALSE,FALSE,FALSE,207.6
ATL,LGA,FALSE,FALSE,FALSE,207.6
ATL,LGA,FALSE,FALSE,FALSE,207.6
ATL,LGA,FALSE,FALSE,FALSE,207.6
ATL,LGA,FALSE,FALSE,FALSE,207.6
ATL,LGA,FALSE,FALSE,FALSE,207.6
ATL,LGA,FALSE,FALSE,TRUE,244.6
ATL,LGA,FALSE,FALSE,TRUE,244.6
ATL,LGA,FALSE,FALSE,TRUE,244.6
ATL,LGA,FALSE,FALSE,TRUE,244.6
ATL,LGA,FALSE,FALSE,TRUE,244.6
ATL,LGA,FALSE,FALSE,TRUE,259.6
ATL,LGA,FALSE,FALSE,TRUE,259.6
ATL,LGA,FALSE,FALSE,TRUE,288.6
ATL,LGA,FALSE,FALSE,TRUE,288.6
ATL,LGA,FALSE,FALSE,FALSE,297.6
ATL,LGA,FALSE,FALSE,FALSE,297.6
ATL,LGA,FALSE,FALSE,FALSE,297.6
ATL,LGA,FALSE,FALSE,FALSE,297.6
ATL,LGA,FALSE,FALSE,FALSE,345.58
ATL,LGA,FALSE,FALSE,FALSE,345.58
ATL,LGA,FALSE,FALSE,FALSE,345.58
ATL,LGA,FALSE,FALSE,FALSE,377.6
ATL,LGA,FALSE,FALSE,FALSE,377.6
ATL,LGA,FALSE,FALSE,FALSE,377.6
ATL,LGA,FALSE,FALSE,FALSE,377.6
ATL,LGA,FALSE,FALSE,FALSE,457.6
ATL,LGA,FALSE,FALSE,TRUE,2057.61
ATL,MIA,FALSE,FALSE,TRUE,178.6
ATL,MIA,FALSE,FALSE,TRUE,178.6
ATL,MIA,FALSE,FALSE,TRUE,178.6
ATL,MIA,FALSE,FALSE,TRUE,178.6
ATL,MIA,FALSE,FALSE,TRUE,198.6
ATL,MIA,FALSE,FALSE,TRUE,248.6
ATL,MIA,FALSE,FALSE,TRUE,248.6
ATL,MIA,FALSE,FALSE,FALSE,313.58
ATL,MIA,FALSE,FALSE,TRUE,318.6
ATL,MIA,FALSE,FALSE,TRUE,328.6
ATL,MIA,FALSE,FALSE,TRUE,328.6
ATL,MIA,FALSE,FALSE,TRUE,328.6
ATL,MIA,FALSE,FALSE,TRUE,328.6
ATL,MIA,FALSE,FALSE,TRUE,328.6
ATL,MIA,FALSE,FALSE,TRUE,328.6
ATL,MIA,FALSE,FALSE,FALSE,390.59
ATL,MIA,FALSE,FALSE,TRUE,403.99
ATL,MIA,FALSE,FALSE,TRUE,428.6
ATL,MIA,FALSE,FALSE,FALSE,441.59
ATL,MIA,FALSE,FALSE,FALSE,447.19
ATL,MIA,FALSE,FALSE,FALSE,497.6
ATL,MIA,FALSE,FALSE,FALSE,505.6
ATL,MIA,FALSE,FALSE,FALSE,530.6
ATL,MIA,FALSE,FALSE,FALSE,564.87
ATL,MIA,FALSE,FALSE,FALSE,598.6
ATL,MIA,FALSE,FALSE,FALSE,601.61
ATL,MIA,FALSE,FALSE,FALSE,612.59
ATL,MIA,FALSE,FALSE,FALSE,621.6
ATL,OAK,FALSE,FALSE,FALSE,463.58
ATL,OAK,FALSE,FALSE,FALSE,463.58
ATL,OAK,FALSE,FALSE,FALSE,477.61
ATL,OAK,FALSE,FALSE,FALSE,477.61
ATL,OAK,FALSE,FALSE,FALSE,510.07
ATL,OAK,FALSE,FALSE,FALSE,579.61
ATL,OAK,FALSE,FALSE,FALSE,596.1
ATL,OAK,FALSE,FALSE,FALSE,627.6
ATL,OAK,FALSE,FALSE,FALSE,627.6
ATL,OAK,FALSE,FALSE,FALSE,706.1
ATL,OAK,FALSE,FALSE,FALSE,777.1
ATL,OAK,FALSE,FALSE,FALSE,795.29
ATL,OAK,FALSE,FALSE,FALSE,797.1
ATL,OAK,FALSE,FALSE,FALSE,806.1
ATL,OAK,FALSE,FALSE,FALSE,806.1
ATL,OAK,FALSE,FALSE,FALSE,857.1
ATL,OAK,FALSE,FALSE,FALSE,862.3
ATL,OAK,FALSE,FALSE,FALSE,911.59
ATL,OAK,FALSE,FALSE,FALSE,929.29
ATL,OAK,FALSE,FALSE,FALSE,1017.1
ATL,ORD,FALSE,FALSE,FALSE,149.6
ATL,ORD,FALSE,FALSE,FALSE,149.6
ATL,ORD,FALSE,FALSE,FALSE,149.6
ATL,ORD,FALSE,FALSE,TRUE,190.6
ATL,ORD,FALSE,FALSE,TRUE,190.6
ATL,ORD,FALSE,FALSE,TRUE,190.6
ATL,ORD,FALSE,FALSE,FALSE,198.1
ATL,ORD,FALSE,FALSE,FALSE,198.1
ATL,ORD,FALSE,FALSE,FALSE,199.6
ATL,ORD,FALSE,FALSE,TRUE,202.6
ATL,ORD,FALSE,FALSE,TRUE,218.6
ATL,ORD,FALSE,FALSE,TRUE,218.6
ATL,ORD,FALSE,FALSE,TRUE,259.6
ATL,ORD,FALSE,FALSE,TRUE,268.6
ATL,ORD,FALSE,FALSE,TRUE,268.6
ATL,ORD,FALSE,FALSE,FALSE,268.6
ATL,ORD,FALSE,FALSE,FALSE,271.58
ATL,ORD,FALSE,FALSE,FALSE,271.58
ATL,ORD,FALSE,FALSE,FALSE,271.58
ATL,ORD,FALSE,FALSE,TRUE,278.6
ATL,ORD,FALSE,FALSE,TRUE,278.6
ATL,ORD,FALSE,FALSE,FALSE,281.58
ATL,ORD,FALSE,FALSE,TRUE,308.6
ATL,ORD,FALSE,FALSE,FALSE,317.6
ATL,ORD,FALSE,FALSE,TRUE,328.6
ATL,ORD,TRUE,FALSE,FALSE,370.2
ATL,ORD,FALSE,FALSE,FALSE,391.21
ATL,ORD,FALSE,FALSE,FALSE,416.2
ATL,ORD,FALSE,FALSE,FALSE,657.55
ATL,ORD,FALSE,FALSE,FALSE,657.55
ATL,ORD,FALSE,FALSE,TRUE,1718.6
ATL,PHL,FALSE,FALSE,FALSE,211.6
ATL,PHL,FALSE,FALSE,FALSE,211.6
ATL,PHL,FALSE,FALSE,FALSE,286.1
ATL,PHL,FALSE,FALSE,TRUE,298.6
ATL,PHL,FALSE,FALSE,TRUE,342.6
ATL,PHL,FALSE,FALSE,FALSE,358.6
ATL,PHL,FALSE,FALSE,FALSE,358.6
ATL,PHL,FALSE,FALSE,FALSE,358.6
ATL,PHL,FALSE,FALSE,TRUE,403.99
ATL,PHL,FALSE,FALSE,TRUE,458.6
ATL,PHL,FALSE,FALSE,TRUE,458.6
ATL,PHL,FALSE,FALSE,FALSE,519.67
ATL,PHL,FALSE,FALSE,FALSE,676.61
ATL,PHL,FALSE,FALSE,TRUE,698.6
ATL,PHL,FALSE,FALSE,TRUE,698.6
ATL,PHL,FALSE,FALSE,TRUE,698.6
ATL,PHL,FALSE,FALSE,TRUE,1627.61
ATL,PHL,FALSE,FALSE,TRUE,1627.61
ATL,SFO,TRUE,FALSE,FALSE,307.6
ATL,SFO,FALSE,FALSE,FALSE,369.1
ATL,SFO,FALSE,FALSE,FALSE,369.1
ATL,SFO,FALSE,FALSE,FALSE,369.1
ATL,SFO,FALSE,FALSE,FALSE,370.6
ATL,SFO,TRUE,FALSE,FALSE,387.6
ATL,SFO,FALSE,FALSE,FALSE,436.6
ATL,SFO,FALSE,FALSE,FALSE,456.69
ATL,SFO,FALSE,FALSE,FALSE,469.6
ATL,SFO,FALSE,FALSE,FALSE,557.6
ATL,SFO,FALSE,FALSE,FALSE,557.6
ATL,SFO,FALSE,FALSE,FALSE,557.6
ATL,SFO,FALSE,FALSE,FALSE,557.6
ATL,SFO,FALSE,FALSE,FALSE,557.6
ATL,SFO,FALSE,FALSE,TRUE,558.6
ATL,SFO,FALSE,FALSE,TRUE,558.6
ATL,SFO,FALSE,FALSE,TRUE,558.6
ATL,SFO,FALSE,FALSE,TRUE,558.6
ATL,SFO,FALSE,FALSE,FALSE,580.2
ATL,SFO,FALSE,FALSE,FALSE,612.6
ATL,SFO,FALSE,FALSE,FALSE,616.6
ATL,SFO,FALSE,FALSE,FALSE,618.59
ATL,SFO,FALSE,FALSE,TRUE,708.6
ATL,SFO,FALSE,FALSE,FALSE,716.61
ATL,SFO,FALSE,FALSE,FALSE,716.61
ATL,SFO,FALSE,FALSE,FALSE,763.2
ATL,SFO,FALSE,FALSE,FALSE,763.2
ATL,SFO,FALSE,FALSE,FALSE,763.2
ATL,SFO,FALSE,FALSE,FALSE,795.6
ATL,SFO,FALSE,FALSE,FALSE,847.2
ATL,SFO,FALSE,FALSE,FALSE,885.6
ATL,SFO,FALSE,FALSE,FALSE,1011.6
ATL,SFO,FALSE,FALSE,FALSE,1011.6
ATL,SFO,FALSE,FALSE,FALSE,1011.6
ATL,SFO,FALSE,FALSE,FALSE,1011.6
ATL,SFO,FALSE,FALSE,FALSE,1017.2
ATL,SFO,FALSE,FALSE,FALSE,1017.2
ATL,SFO,FALSE,FALSE,FALSE,1017.2
ATL,SFO,FALSE,FALSE,FALSE,1017.2
ATL,SFO,FALSE,FALSE,FALSE,1017.2
BOS,ATL,FALSE,FALSE,TRUE,248.6
BOS,ATL,FALSE,FALSE,TRUE,248.6
BOS,ATL,FALSE,FALSE,TRUE,300.1
BOS,ATL,FALSE,FALSE,TRUE,300.1
BOS,ATL,FALSE,FALSE,FALSE,303.61
BOS,ATL,FALSE,FALSE,FALSE,303.61
BOS,ATL,FALSE,FALSE,FALSE,318.6
BOS,ATL,FALSE,FALSE,TRUE,398.6
BOS,ATL,FALSE,FALSE,TRUE,398.6
BOS,ATL,FALSE,FALSE,TRUE,398.6
BOS,ATL,FALSE,FALSE,TRUE,398.6
BOS,ATL,FALSE,FALSE,FALSE,416.2
BOS,ATL,FALSE,FALSE,FALSE,421.6
BOS,ATL,FALSE,FALSE,FALSE,426.61
BOS,ATL,FALSE,FALSE,FALSE,438.6
BOS,ATL,FALSE,FALSE,FALSE,447.1
BOS,ATL,FALSE,FALSE,FALSE,466.6
BOS,ATL,FALSE,FALSE,TRUE,478.6
BOS,ATL,FALSE,FALSE,FALSE,518.61
BOS,ATL,FALSE,FALSE,FALSE,591.2
BOS,ATL,FALSE,FALSE,FALSE,599.61
BOS,ATL,FALSE,FALSE,TRUE,608.6
BOS,ATL,FALSE,FALSE,TRUE,798.6
BOS,CLT,FALSE,FALSE,TRUE,268.6
BOS,CLT,FALSE,FALSE,TRUE,299.6
BOS,CLT,FALSE,FALSE,TRUE,299.6
BOS,CLT,FALSE,FALSE,FALSE,362.6
BOS,CLT,FALSE,FALSE,FALSE,362.6
BOS,CLT,FALSE,FALSE,FALSE,362.6
BOS,CLT,FALSE,FALSE,FALSE,367.6
BOS,CLT,FALSE,FALSE,FALSE,367.6
BOS,CLT,FALSE,FALSE,FALSE,367.6
BOS,CLT,FALSE,FALSE,FALSE,367.6
BOS,CLT,FALSE,FALSE,TRUE,436.6
BOS,CLT,FALSE,FALSE,TRUE,436.6
BOS,CLT,FALSE,FALSE,TRUE,436.6
BOS,CLT,FALSE,FALSE,FALSE,445.6
BOS,CLT,FALSE,FALSE,FALSE,493.19
BOS,CLT,FALSE,FALSE,FALSE,507.6
BOS,CLT,FALSE,FALSE,FALSE,547.6
BOS,CLT,FALSE,FALSE,FALSE,583.01
BOS,CLT,FALSE,FALSE,FALSE,588.58
BOS,CLT,FALSE,FALSE,TRUE,784.6
BOS,CLT,FALSE,FALSE,TRUE,784.6
BOS,CLT,FALSE,FALSE,TRUE,804.6
BOS,CLT,FALSE,FALSE,TRUE,1665.6
BOS,CLT,FALSE,FALSE,TRUE,1665.6
BOS,CLT,FALSE,FALSE,TRUE,1665.6
BOS,CLT,FALSE,FALSE,TRUE,1665.6
BOS,DEN,FALSE,FALSE,TRUE,313.6
BOS,DEN,FALSE,FALSE,TRUE,313.6
BOS,DEN,FALSE,FALSE,TRUE,313.6
BOS,DEN,FALSE,FALSE,TRUE,313.6
BOS,DEN,FALSE,FALSE,FALSE,322.6
BOS,DEN,FALSE,FALSE,FALSE,322.6
BOS,DEN,FALSE,FALSE,FALSE,322.6
BOS,DEN,FALSE,FALSE,FALSE,322.6
BOS,DEN,FALSE,FALSE,FALSE,322.6
BOS,DEN,FALSE,FALSE,FALSE,322.6
BOS,DEN,FALSE,FALSE,FALSE,322.6
BOS,DEN,FALSE,FALSE,FALSE,322.6
BOS,DEN,FALSE,FALSE,FALSE,322.6
BOS,DEN,FALSE,FALSE,FALSE,322.6
BOS,DEN,FALSE,FALSE,FALSE,322.6
BOS,DEN,FALSE,FALSE,TRUE,343.6
BOS,DEN,FALSE,FALSE,TRUE,359.6
BOS,DEN,FALSE,FALSE,FALSE,368.6
BOS,DEN,FALSE,FALSE,FALSE,368.6
BOS,DEN,FALSE,FALSE,FALSE,368.6
BOS,DEN,FALSE,FALSE,FALSE,368.6
BOS,DEN,FALSE,FALSE,FALSE,368.6
BOS,DEN,FALSE,FALSE,TRUE,428.6
BOS,DEN,FALSE,FALSE,FALSE,483.6
BOS,DEN,FALSE,FALSE,FALSE,487.6
BOS,DEN,FALSE,FALSE,FALSE,514.6
BOS,DFW,FALSE,FALSE,TRUE,252.61
BOS,DFW,FALSE,FALSE,FALSE,261.61
BOS,DFW,FALSE,FALSE,FALSE,261.61
BOS,DFW,FALSE,FALSE,FALSE,261.61
BOS,DFW,FALSE,FALSE,FALSE,261.61
BOS,DFW,FALSE,FALSE,FALSE,261.61
BOS,DFW,FALSE,FALSE,FALSE,261.61
BOS,DFW,FALSE,FALSE,TRUE,307.6
BOS,DFW,FALSE,FALSE,TRUE,307.6
BOS,DFW,FALSE,FALSE,TRUE,307.6
BOS,DFW,FALSE,FALSE,FALSE,317.58
BOS,DFW,FALSE,FALSE,FALSE,317.58
BOS,DFW,FALSE,FALSE,FALSE,317.58
BOS,DFW,FALSE,FALSE,FALSE,318.6
BOS,DFW,FALSE,FALSE,TRUE,328.6
BOS,DFW,FALSE,FALSE,FALSE,337.6
BOS,DFW,FALSE,FALSE,FALSE,337.6
BOS,DFW,FALSE,FALSE,TRUE,360.68
BOS,DFW,FALSE,FALSE,TRUE,367.6
BOS,DFW,FALSE,FALSE,FALSE,368.6
BOS,DFW,FALSE,FALSE,FALSE,376.6
BOS,DFW,FALSE,FALSE,TRUE,448.6
BOS,DFW,FALSE,FALSE,TRUE,448.6
BOS,DFW,FALSE,FALSE,TRUE,448.6
BOS,DFW,FALSE,FALSE,FALSE,508.6
BOS,DFW,FALSE,FALSE,FALSE,619.61
BOS,DTW,FALSE,FALSE,FALSE,177.61
BOS,DTW,FALSE,FALSE,FALSE,211.6
BOS,DTW,FALSE,FALSE,FALSE,211.6
BOS,DTW,FALSE,FALSE,TRUE,248.6
BOS,DTW,FALSE,FALSE,FALSE,268.6
BOS,DTW,FALSE,FALSE,TRUE,298.6
BOS,DTW,FALSE,FALSE,FALSE,320.58
BOS,DTW,FALSE,FALSE,FALSE,320.58
BOS,DTW,FALSE,FALSE,FALSE,320.58
BOS,DTW,FALSE,FALSE,FALSE,320.58
BOS,DTW,FALSE,FALSE,FALSE,320.58
BOS,DTW,FALSE,FALSE,FALSE,320.58
BOS,DTW,FALSE,FALSE,FALSE,344.6
BOS,DTW,FALSE,FALSE,FALSE,344.6
BOS,DTW,FALSE,FALSE,FALSE,417.6
BOS,DTW,FALSE,FALSE,FALSE,417.6
BOS,DTW,FALSE,FALSE,FALSE,424.6
BOS,DTW,FALSE,FALSE,TRUE,498.6
BOS,DTW,FALSE,FALSE,TRUE,498.6
BOS,DTW,FALSE,FALSE,TRUE,498.6
BOS,DTW,FALSE,FALSE,FALSE,517.2
BOS,DTW,FALSE,FALSE,FALSE,746.59
BOS,DTW,FALSE,FALSE,FALSE,941.6
BOS,EWR,FALSE,FALSE,TRUE,178.6
BOS,EWR,FALSE,FALSE,FALSE,243.61
BOS,EWR,FALSE,FALSE,FALSE,243.61
BOS,EWR,FALSE,FALSE,FALSE,243.61
BOS,EWR,FALSE,FALSE,FALSE,243.61
BOS,EWR,FALSE,FALSE,FALSE,243.61
BOS,EWR,FALSE,FALSE,TRUE,248.6
BOS,EWR,FALSE,FALSE,FALSE,249.21
BOS,EWR,FALSE,FALSE,TRUE,268.6
BOS,EWR,FALSE,FALSE,TRUE,268.6
BOS,EWR,FALSE,FALSE,TRUE,268.6
BOS,EWR,FALSE,FALSE,FALSE,299.61
BOS,EWR,FALSE,FALSE,FALSE,299.61
BOS,EWR,FALSE,FALSE,FALSE,299.61
BOS,EWR,FALSE,FALSE,FALSE,299.61
BOS,EWR,FALSE,FALSE,FALSE,299.61
BOS,EWR,FALSE,FALSE,FALSE,299.61
BOS,EWR,FALSE,FALSE,FALSE,299.61
BOS,EWR,FALSE,FALSE,FALSE,317.58
BOS,EWR,FALSE,FALSE,FALSE,409.6
BOS,EWR,FALSE,FALSE,TRUE,438.6
BOS,EWR,FALSE,FALSE,TRUE,438.6
BOS,EWR,FALSE,FALSE,TRUE,438.6
BOS,EWR,FALSE,FALSE,TRUE,548.6
BOS,EWR,FALSE,FALSE,TRUE,948.6
BOS,IAD,FALSE,FALSE,FALSE,509.61
BOS,IAD,FALSE,FALSE,FALSE,513.2
BOS,IAD,FALSE,FALSE,FALSE,516.6
BOS,IAD,FALSE,FALSE,FALSE,541.6
BOS,IAD,FALSE,FALSE,FALSE,541.6
BOS,IAD,FALSE,FALSE,FALSE,541.6
BOS,IAD,FALSE,FALSE,FALSE,541.6
BOS,IAD,FALSE,FALSE,FALSE,541.6
BOS,IAD,FALSE,FALSE,FALSE,547.2
BOS,IAD,FALSE,FALSE,FALSE,547.2
BOS,IAD,FALSE,FALSE,FALSE,562.2
BOS,IAD,FALSE,FALSE,FALSE,562.2
BOS,IAD,FALSE,FALSE,FALSE,586.6
BOS,IAD,FALSE,FALSE,FALSE,607.61
BOS,IAD,FALSE,FALSE,FALSE,607.61
BOS,IAD,FALSE,FALSE,FALSE,607.61
BOS,IAD,FALSE,FALSE,FALSE,607.61
BOS,IAD,FALSE,FALSE,FALSE,631.6
BOS,IAD,FALSE,FALSE,FALSE,643.11
BOS,IAD,FALSE,FALSE,FALSE,643.11
BOS,IAD,FALSE,FALSE,TRUE,648.6
BOS,IAD,FALSE,FALSE,TRUE,648.6
BOS,IAD,FALSE,FALSE,FALSE,651.6
BOS,IAD,FALSE,FALSE,FALSE,721.6
BOS,IAD,FALSE,FALSE,TRUE,1128.6
BOS,IAD,FALSE,FALSE,FALSE,1155.9
BOS,JFK,FALSE,FALSE,TRUE,268.6
BOS,JFK,FALSE,FALSE,TRUE,268.6
BOS,JFK,FALSE,FALSE,TRUE,268.6
BOS,JFK,FALSE,FALSE,TRUE,268.6
BOS,JFK,FALSE,FALSE,TRUE,299.3
BOS,JFK,FALSE,FALSE,TRUE,299.3
BOS,JFK,FALSE,FALSE,FALSE,322.19
BOS,JFK,FALSE,FALSE,TRUE,331.8
BOS,JFK,FALSE,FALSE,TRUE,358.6
BOS,JFK,FALSE,FALSE,TRUE,358.6
BOS,JFK,FALSE,FALSE,TRUE,358.6
BOS,JFK,FALSE,FALSE,TRUE,358.6
BOS,JFK,FALSE,FALSE,TRUE,358.6
BOS,JFK,FALSE,FALSE,FALSE,403.9
BOS,JFK,FALSE,FALSE,TRUE,468.61
BOS,JFK,FALSE,FALSE,FALSE,877.1
BOS,JFK,FALSE,FALSE,FALSE,882.7
BOS,JFK,FALSE,FALSE,TRUE,1535.6
BOS,LAX,FALSE,FALSE,FALSE,311.6
BOS,LAX,TRUE,FALSE,FALSE,311.6
BOS,LAX,FALSE,FALSE,FALSE,311.6
BOS,LAX,TRUE,FALSE,FALSE,311.6
BOS,LAX,FALSE,FALSE,TRUE,353.6
BOS,LAX,FALSE,FALSE,TRUE,353.6
BOS,LAX,FALSE,FALSE,TRUE,353.6
BOS,LAX,FALSE,FALSE,TRUE,353.6
BOS,LAX,FALSE,FALSE,TRUE,353.6
BOS,LAX,FALSE,FALSE,TRUE,353.6
BOS,LAX,FALSE,FALSE,TRUE,353.6
BOS,LAX,FALSE,FALSE,FALSE,362.6
BOS,LAX,FALSE,FALSE,FALSE,362.6
BOS,LAX,FALSE,FALSE,FALSE,362.6
BOS,LAX,FALSE,FALSE,FALSE,362.6
BOS,LAX,FALSE,FALSE,FALSE,362.6
BOS,LAX,FALSE,FALSE,FALSE,362.6
BOS,LAX,FALSE,FALSE,FALSE,362.6
BOS,LAX,FALSE,FALSE,FALSE,362.6
BOS,LAX,FALSE,FALSE,FALSE,362.6
BOS,LAX,FALSE,FALSE,FALSE,362.6
BOS,LAX,FALSE,FALSE,FALSE,388.6
BOS,LAX,FALSE,FALSE,TRUE,393.6
BOS,LAX,FALSE,FALSE,TRUE,393.6
BOS,LAX,FALSE,FALSE,FALSE,402.6
BOS,LAX,FALSE,FALSE,FALSE,402.6
BOS,LAX,FALSE,FALSE,FALSE,402.6
BOS,LAX,FALSE,FALSE,TRUE,415.1
BOS,LAX,FALSE,FALSE,TRUE,415.1
BOS,LAX,FALSE,FALSE,TRUE,415.1
BOS,LAX,FALSE,FALSE,TRUE,428.6
BOS,LAX,FALSE,FALSE,FALSE,436.6
BOS,LAX,FALSE,FALSE,FALSE,437.6
BOS,LAX,FALSE,FALSE,FALSE,466.6
BOS,LAX,FALSE,FALSE,TRUE,498.6
BOS,LAX,FALSE,FALSE,TRUE,498.6
BOS,LAX,FALSE,FALSE,FALSE,507.6
BOS,LAX,FALSE,FALSE,FALSE,507.6
BOS,LAX,FALSE,FALSE,FALSE,526.19
BOS,LAX,FALSE,FALSE,FALSE,526.19
BOS,LAX,FALSE,FALSE,FALSE,539.6
BOS,LAX,FALSE,FALSE,FALSE,545.2
BOS,LAX,FALSE,FALSE,FALSE,587.6
BOS,LAX,FALSE,FALSE,FALSE,629.6
BOS,LAX,FALSE,FALSE,FALSE,971.6
BOS,LAX,FALSE,FALSE,TRUE,998.6
BOS,LAX,FALSE,FALSE,TRUE,1071.61
BOS,LAX,FALSE,FALSE,TRUE,1115.6
BOS,LAX,FALSE,FALSE,TRUE,1405.6
BOS,LAX,FALSE,FALSE,TRUE,2655.6
BOS,LGA,FALSE,FALSE,TRUE,133.6
BOS,LGA,FALSE,FALSE,TRUE,158.6
BOS,LGA,FALSE,FALSE,TRUE,192.69
BOS,LGA,FALSE,FALSE,TRUE,220.68
BOS,LGA,FALSE,FALSE,TRUE,259.88
BOS,LGA,FALSE,FALSE,TRUE,259.88
BOS,LGA,FALSE,FALSE,TRUE,259.88
BOS,LGA,FALSE,FALSE,TRUE,259.88
BOS,LGA,FALSE,FALSE,TRUE,259.88
BOS,LGA,FALSE,FALSE,TRUE,259.88
BOS,LGA,FALSE,FALSE,TRUE,268.6
BOS,LGA,FALSE,FALSE,TRUE,268.6
BOS,LGA,FALSE,FALSE,TRUE,268.6
BOS,LGA,FALSE,FALSE,TRUE,268.6
BOS,LGA,FALSE,FALSE,TRUE,268.6
BOS,LGA,FALSE,FALSE,TRUE,287.89
BOS,LGA,FALSE,FALSE,TRUE,287.89
BOS,LGA,FALSE,FALSE,TRUE,287.89
BOS,LGA,FALSE,FALSE,TRUE,287.89
BOS,LGA,FALSE,FALSE,TRUE,287.89
BOS,LGA,FALSE,FALSE,TRUE,287.89
BOS,LGA,FALSE,FALSE,FALSE,322.19
BOS,LGA,FALSE,FALSE,TRUE,358.6
BOS,LGA,FALSE,FALSE,TRUE,358.6
BOS,LGA,FALSE,FALSE,TRUE,358.6
BOS,LGA,FALSE,FALSE,FALSE,360.6
BOS,LGA,FALSE,FALSE,FALSE,548.6
BOS,LGA,FALSE,FALSE,FALSE,548.6
BOS,LGA,FALSE,FALSE,FALSE,548.6
BOS,LGA,FALSE,FALSE,FALSE,559.61
BOS,LGA,FALSE,FALSE,FALSE,559.61
BOS,LGA,FALSE,FALSE,FALSE,559.61
BOS,LGA,FALSE,FALSE,TRUE,584.6
BOS,MIA,FALSE,FALSE,FALSE,337.2
BOS,MIA,FALSE,FALSE,FALSE,347.61
BOS,MIA,FALSE,FALSE,FALSE,347.61
BOS,MIA,FALSE,FALSE,TRUE,356.59
BOS,MIA,FALSE,FALSE,FALSE,367.58
BOS,MIA,FALSE,FALSE,FALSE,367.58
BOS,MIA,FALSE,FALSE,FALSE,387.6
BOS,MIA,FALSE,FALSE,FALSE,427.6
BOS,MIA,FALSE,FALSE,FALSE,427.6
BOS,MIA,FALSE,FALSE,FALSE,427.6
BOS,MIA,FALSE,FALSE,FALSE,427.6
BOS,MIA,FALSE,FALSE,FALSE,427.6
BOS,MIA,FALSE,FALSE,TRUE,468.61
BOS,MIA,FALSE,FALSE,FALSE,488.6
BOS,MIA,FALSE,FALSE,FALSE,488.6
BOS,MIA,FALSE,FALSE,FALSE,531.59
BOS,MIA,FALSE,FALSE,FALSE,531.59
BOS,MIA,FALSE,FALSE,FALSE,582.3
BOS,MIA,FALSE,FALSE,FALSE,597.6
BOS,MIA,FALSE,FALSE,FALSE,601.61
BOS,MIA,FALSE,FALSE,FALSE,611.71
BOS,MIA,FALSE,FALSE,FALSE,647.6
BOS,MIA,FALSE,FALSE,TRUE,657.47
BOS,MIA,FALSE,FALSE,FALSE,718.6
BOS,MIA,FALSE,FALSE,TRUE,898.61
BOS,MIA,FALSE,FALSE,TRUE,968.6
BOS,MIA,FALSE,FALSE,TRUE,968.6
BOS,MIA,FALSE,FALSE,TRUE,1864.6
BOS,MIA,FALSE,FALSE,TRUE,1864.6
BOS,MIA,FALSE,FALSE,TRUE,1864.6
BOS,OAK,FALSE,FALSE,FALSE,549.6
BOS,OAK,FALSE,FALSE,FALSE,549.6
BOS,OAK,FALSE,FALSE,FALSE,549.6
BOS,OAK,FALSE,FALSE,FALSE,657.19
BOS,OAK,FALSE,FALSE,FALSE,748.6
BOS,OAK,FALSE,FALSE,FALSE,764.69
BOS,OAK,FALSE,FALSE,FALSE,770.29
BOS,OAK,FALSE,FALSE,FALSE,818.7
BOS,OAK,FALSE,FALSE,FALSE,824.3
BOS,OAK,FALSE,FALSE,FALSE,847.1
BOS,OAK,FALSE,FALSE,FALSE,1018.6
BOS,ORD,FALSE,FALSE,FALSE,127.6
BOS,ORD,FALSE,FALSE,FALSE,127.6
BOS,ORD,FALSE,FALSE,TRUE,138.6
BOS,ORD,FALSE,FALSE,TRUE,138.6
BOS,ORD,FALSE,FALSE,TRUE,138.6
BOS,ORD,FALSE,FALSE,TRUE,167.61
BOS,ORD,FALSE,FALSE,TRUE,214.1
BOS,ORD,FALSE,FALSE,TRUE,223.6
BOS,ORD,FALSE,FALSE,TRUE,244.6
BOS,ORD,FALSE,FALSE,TRUE,244.6
BOS,ORD,FALSE,FALSE,TRUE,244.6
BOS,ORD,FALSE,FALSE,TRUE,244.6
BOS,ORD,FALSE,FALSE,TRUE,248.6
BOS,ORD,FALSE,FALSE,TRUE,278.6
BOS,ORD,FALSE,FALSE,TRUE,278.6
BOS,ORD,FALSE,FALSE,TRUE,329.6
BOS,ORD,FALSE,FALSE,TRUE,329.6
BOS,ORD,FALSE,FALSE,TRUE,329.6
BOS,ORD,FALSE,FALSE,TRUE,329.6
BOS,ORD,FALSE,FALSE,TRUE,348.6
BOS,ORD,FALSE,FALSE,FALSE,357.6
BOS,ORD,FALSE,FALSE,TRUE,398.6
BOS,ORD,FALSE,FALSE,TRUE,398.6
BOS,ORD,FALSE,FALSE,TRUE,398.6
BOS,ORD,FALSE,FALSE,TRUE,398.6
BOS,ORD,FALSE,FALSE,TRUE,398.6
BOS,ORD,FALSE,FALSE,TRUE,398.6
BOS,ORD,FALSE,FALSE,TRUE,398.6
BOS,ORD,FALSE,FALSE,TRUE,398.6
BOS,ORD,FALSE,FALSE,TRUE,398.6
BOS,ORD,FALSE,FALSE,TRUE,1961.6
BOS,ORD,FALSE,FALSE,TRUE,1961.6
BOS,PHL,FALSE,FALSE,TRUE,213.6
BOS,PHL,FALSE,FALSE,TRUE,213.6
BOS,PHL,FALSE,FALSE,TRUE,248.6
BOS,PHL,FALSE,FALSE,TRUE,276.67
BOS,PHL,FALSE,FALSE,TRUE,276.67
BOS,PHL,FALSE,FALSE,TRUE,288.6
BOS,PHL,FALSE,FALSE,TRUE,318.6
BOS,PHL,FALSE,FALSE,TRUE,318.6
BOS,PHL,FALSE,FALSE,TRUE,408.6
BOS,PHL,FALSE,FALSE,FALSE,527.19
BOS,PHL,FALSE,FALSE,FALSE,671.6
BOS,PHL,FALSE,FALSE,FALSE,711.6
BOS,PHL,FALSE,FALSE,TRUE,1516.6
BOS,PHL,FALSE,FALSE,TRUE,1516.6
BOS,PHL,FALSE,FALSE,TRUE,1516.6
BOS,SFO,FALSE,FALSE,FALSE,353.6
BOS,SFO,FALSE,FALSE,FALSE,353.6
BOS,SFO,FALSE,FALSE,FALSE,353.6
BOS,SFO,FALSE,FALSE,TRUE,361.6
BOS,SFO,FALSE,FALSE,TRUE,366.6
BOS,SFO,FALSE,FALSE,TRUE,366.6
BOS,SFO,FALSE,FALSE,TRUE,366.6
BOS,SFO,FALSE,FALSE,FALSE,370.6
BOS,SFO,FALSE,FALSE,FALSE,370.6
BOS,SFO,FALSE,FALSE,FALSE,370.6
BOS,SFO,FALSE,FALSE,FALSE,405.6
BOS,SFO,FALSE,FALSE,FALSE,405.6
BOS,SFO,FALSE,FALSE,FALSE,405.6
BOS,SFO,FALSE,FALSE,FALSE,447.6
BOS,SFO,FALSE,FALSE,FALSE,447.6
BOS,SFO,FALSE,FALSE,FALSE,447.6
BOS,SFO,FALSE,FALSE,FALSE,497.6
BOS,SFO,FALSE,FALSE,FALSE,567.6
BOS,SFO,FALSE,FALSE,TRUE,619.41
BOS,SFO,FALSE,FALSE,FALSE,652.59
BOS,SFO,FALSE,FALSE,TRUE,668.6
BOS,SFO,FALSE,FALSE,TRUE,703.4
BOS,SFO,FALSE,FALSE,TRUE,703.4
BOS,SFO,FALSE,FALSE,TRUE,703.4
BOS,SFO,FALSE,FALSE,TRUE,769.7
BOS,SFO,FALSE,FALSE,TRUE,769.7
BOS,SFO,FALSE,FALSE,TRUE,769.7
BOS,SFO,FALSE,FALSE,TRUE,769.7
BOS,SFO,FALSE,FALSE,TRUE,1048.6
CLT,ATL,FALSE,FALSE,FALSE,336.1
CLT,ATL,FALSE,FALSE,FALSE,336.1
CLT,ATL,FALSE,FALSE,FALSE,336.1
CLT,ATL,FALSE,FALSE,FALSE,336.1
CLT,ATL,FALSE,FALSE,FALSE,336.1
CLT,ATL,FALSE,FALSE,FALSE,341.7
CLT,ATL,FALSE,FALSE,FALSE,341.7
CLT,ATL,FALSE,FALSE,FALSE,341.7
CLT,ATL,FALSE,FALSE,FALSE,387.1
CLT,ATL,FALSE,FALSE,FALSE,387.1
CLT,ATL,FALSE,FALSE,FALSE,392.7
CLT,ATL,FALSE,FALSE,TRUE,397.1
CLT,ATL,FALSE,FALSE,TRUE,397.1
CLT,ATL,FALSE,FALSE,TRUE,397.1
CLT,ATL,FALSE,FALSE,TRUE,397.1
CLT,ATL,FALSE,FALSE,TRUE,397.1
CLT,ATL,FALSE,FALSE,TRUE,397.1
CLT,ATL,FALSE,FALSE,TRUE,397.1
CLT,ATL,FALSE,FALSE,TRUE,397.1
CLT,ATL,FALSE,FALSE,TRUE,397.1
CLT,ATL,FALSE,FALSE,TRUE,397.1
CLT,ATL,FALSE,FALSE,TRUE,397.1
CLT,ATL,FALSE,FALSE,TRUE,397.1
CLT,ATL,FALSE,FALSE,FALSE,406.1
CLT,ATL,FALSE,FALSE,TRUE,447.1
CLT,ATL,FALSE,FALSE,FALSE,476.2
CLT,ATL,FALSE,FALSE,FALSE,481.61
CLT,ATL,FALSE,FALSE,FALSE,495.6
CLT,ATL,FALSE,FALSE,FALSE,505.6
CLT,ATL,FALSE,FALSE,FALSE,589.1
CLT,ATL,FALSE,FALSE,FALSE,595.7
CLT,BOS,FALSE,FALSE,TRUE,97.1
CLT,BOS,FALSE,FALSE,TRUE,97.1
CLT,BOS,FALSE,FALSE,TRUE,97.1
CLT,BOS,FALSE,FALSE,TRUE,97.1
CLT,BOS,FALSE,FALSE,TRUE,97.1
CLT,BOS,FALSE,FALSE,TRUE,97.1
CLT,BOS,FALSE,FALSE,TRUE,97.1
CLT,BOS,TRUE,FALSE,TRUE,97.1
CLT,BOS,FALSE,FALSE,TRUE,97.1
CLT,BOS,FALSE,FALSE,TRUE,97.1
CLT,BOS,FALSE,FALSE,TRUE,97.1
CLT,BOS,TRUE,FALSE,TRUE,97.1
CLT,BOS,TRUE,FALSE,TRUE,97.1
CLT,BOS,FALSE,FALSE,FALSE,106.1
CLT,BOS,FALSE,FALSE,FALSE,106.1
CLT,BOS,FALSE,FALSE,FALSE,106.1
CLT,BOS,FALSE,FALSE,FALSE,106.1
CLT,BOS,FALSE,FALSE,FALSE,106.1
CLT,BOS,FALSE,FALSE,FALSE,106.1
CLT,BOS,FALSE,FALSE,FALSE,106.1
CLT,BOS,TRUE,FALSE,FALSE,106.1
CLT,BOS,FALSE,FALSE,FALSE,106.1
CLT,BOS,FALSE,FALSE,FALSE,106.1
CLT,BOS,FALSE,FALSE,FALSE,106.1
CLT,BOS,FALSE,FALSE,FALSE,106.1
CLT,BOS,FALSE,FALSE,FALSE,106.1
CLT,BOS,FALSE,FALSE,FALSE,151.1
CLT,BOS,FALSE,FALSE,FALSE,186.1
CLT,BOS,FALSE,FALSE,FALSE,186.1
CLT,BOS,FALSE,FALSE,FALSE,186.1
CLT,BOS,FALSE,FALSE,FALSE,186.1
CLT,BOS,FALSE,FALSE,FALSE,186.1
CLT,BOS,FALSE,FALSE,FALSE,186.1
CLT,BOS,FALSE,FALSE,FALSE,186.1
CLT,BOS,FALSE,FALSE,FALSE,186.1
CLT,BOS,FALSE,FALSE,FALSE,186.1
CLT,BOS,FALSE,FALSE,FALSE,432.08
CLT,DEN,FALSE,FALSE,TRUE,172.48
CLT,DEN,FALSE,FALSE,TRUE,295.11
CLT,DEN,FALSE,FALSE,TRUE,295.11
CLT,DEN,FALSE,FALSE,TRUE,295.11
CLT,DEN,FALSE,FALSE,TRUE,295.11
CLT,DEN,FALSE,FALSE,FALSE,304.11
CLT,DEN,FALSE,FALSE,FALSE,304.11
CLT,DEN,FALSE,FALSE,FALSE,304.11
CLT,DEN,FALSE,FALSE,FALSE,304.11
CLT,DEN,FALSE,FALSE,FALSE,304.11
CLT,DEN,FALSE,FALSE,FALSE,304.11
CLT,DEN,FALSE,FALSE,FALSE,304.11
CLT,DEN,FALSE,FALSE,FALSE,304.11
CLT,DEN,FALSE,FALSE,FALSE,304.11
CLT,DEN,FALSE,FALSE,FALSE,304.11
CLT,DEN,FALSE,FALSE,FALSE,304.11
CLT,DEN,FALSE,FALSE,FALSE,304.11
CLT,DEN,FALSE,FALSE,FALSE,304.11
CLT,DEN,FALSE,FALSE,FALSE,304.11
CLT,DEN,FALSE,FALSE,FALSE,304.11
CLT,DEN,FALSE,FALSE,FALSE,304.11
CLT,DEN,FALSE,FALSE,FALSE,304.11
CLT,DEN,FALSE,FALSE,FALSE,304.11
CLT,DEN,FALSE,FALSE,FALSE,304.11
CLT,DEN,FALSE,FALSE,FALSE,304.11
CLT,DEN,FALSE,FALSE,FALSE,304.11
CLT,DEN,FALSE,FALSE,FALSE,304.11
CLT,DEN,FALSE,FALSE,FALSE,304.11
CLT,DEN,FALSE,FALSE,FALSE,304.11
CLT,DEN,FALSE,FALSE,FALSE,304.11
CLT,DEN,FALSE,FALSE,FALSE,304.11
CLT,DEN,FALSE,FALSE,FALSE,304.11
CLT,DEN,FALSE,FALSE,FALSE,304.11
CLT,DEN,FALSE,FALSE,FALSE,304.11
CLT,DEN,FALSE,FALSE,FALSE,304.11
CLT,DEN,FALSE,FALSE,FALSE,304.11
CLT,DEN,FALSE,FALSE,FALSE,304.11
CLT,DEN,FALSE,FALSE,FALSE,304.11
CLT,DEN,FALSE,FALSE,FALSE,304.11
CLT,DEN,FALSE,FALSE,FALSE,304.11
CLT,DEN,FALSE,FALSE,FALSE,304.11
CLT,DEN,FALSE,FALSE,FALSE,304.11
CLT,DEN,FALSE,FALSE,FALSE,304.11
CLT,DEN,FALSE,FALSE,FALSE,304.11
CLT,DEN,FALSE,FALSE,FALSE,304.11
CLT,DEN,FALSE,FALSE,FALSE,304.11
CLT,DEN,FALSE,FALSE,FALSE,304.11
CLT,DEN,FALSE,FALSE,FALSE,304.11
CLT,DEN,FALSE,FALSE,FALSE,304.11
CLT,DEN,FALSE,FALSE,FALSE,391.08
CLT,DEN,FALSE,FALSE,FALSE,406.1
CLT,DEN,FALSE,FALSE,FALSE,410.7
CLT,DEN,FALSE,FALSE,FALSE,435.1
CLT,DEN,FALSE,FALSE,FALSE,437.57
CLT,DEN,FALSE,FALSE,TRUE,477.1
CLT,DEN,FALSE,FALSE,FALSE,547.1
CLT,DEN,FALSE,FALSE,FALSE,572.51
CLT,DEN,FALSE,FALSE,TRUE,577.1
CLT,DEN,FALSE,FALSE,FALSE,578.11
CLT,DEN,FALSE,FALSE,FALSE,2251.09
CLT,DFW,FALSE,FALSE,TRUE,243.1
CLT,DFW,FALSE,FALSE,TRUE,243.1
CLT,DFW,FALSE,FALSE,TRUE,243.1
CLT,DFW,FALSE,FALSE,TRUE,243.1
CLT,DFW,FALSE,FALSE,TRUE,243.1
CLT,DFW,FALSE,FALSE,TRUE,243.1
CLT,DFW,FALSE,FALSE,TRUE,243.1
CLT,DFW,FALSE,FALSE,FALSE,252.1
CLT,DFW,FALSE,FALSE,FALSE,252.1
CLT,DFW,FALSE,FALSE,FALSE,252.1
CLT,DFW,FALSE,FALSE,FALSE,252.1
CLT,DFW,FALSE,FALSE,FALSE,252.1
CLT,DFW,FALSE,FALSE,FALSE,252.1
CLT,DFW,FALSE,FALSE,FALSE,252.1
CLT,DFW,FALSE,FALSE,FALSE,252.1
CLT,DFW,FALSE,FALSE,FALSE,252.1
CLT,DFW,FALSE,FALSE,FALSE,252.1
CLT,DFW,FALSE,FALSE,FALSE,252.1
CLT,DFW,FALSE,FALSE,FALSE,252.1
CLT,DFW,FALSE,FALSE,FALSE,252.1
CLT,DFW,FALSE,FALSE,FALSE,252.1
CLT,DFW,FALSE,FALSE,FALSE,252.1
CLT,DFW,FALSE,FALSE,FALSE,252.1
CLT,DFW,FALSE,FALSE,FALSE,252.1
CLT,DFW,FALSE,FALSE,FALSE,252.1
CLT,DFW,FALSE,FALSE,FALSE,252.1
CLT,DFW,FALSE,FALSE,FALSE,252.1
CLT,DFW,FALSE,FALSE,FALSE,252.1
CLT,DFW,FALSE,FALSE,FALSE,252.1
CLT,DFW,FALSE,FALSE,FALSE,252.1
CLT,DFW,FALSE,FALSE,FALSE,252.1
CLT,DFW,FALSE,FALSE,FALSE,252.1
CLT,DFW,FALSE,FALSE,FALSE,252.1
CLT,DFW,FALSE,FALSE,FALSE,252.1
CLT,DFW,FALSE,FALSE,FALSE,252.1
CLT,DFW,FALSE,FALSE,FALSE,252.1
CLT,DFW,FALSE,FALSE,FALSE,252.1
CLT,DFW,FALSE,FALSE,FALSE,252.1
CLT,DFW,FALSE,FALSE,TRUE,268.1
CLT,DFW,FALSE,FALSE,TRUE,268.1
CLT,DFW,FALSE,FALSE,FALSE,277.1
CLT,DFW,FALSE,FALSE,FALSE,277.1
CLT,DFW,FALSE,FALSE,FALSE,277.1
CLT,DFW,FALSE,FALSE,FALSE,277.1
CLT,DFW,FALSE,FALSE,FALSE,302.11
CLT,DFW,FALSE,FALSE,FALSE,302.11
CLT,DFW,FALSE,FALSE,FALSE,350.1
CLT,DFW,FALSE,FALSE,FALSE,391.08
CLT,DFW,FALSE,FALSE,FALSE,391.08
CLT,DFW,FALSE,FALSE,FALSE,435.1
CLT,DFW,FALSE,FALSE,FALSE,435.1
CLT,DFW,FALSE,FALSE,FALSE,766.65
CLT,DTW,FALSE,FALSE,FALSE,189.1
CLT,DTW,FALSE,FALSE,FALSE,189.1
CLT,DTW,FALSE,FALSE,FALSE,189.1
CLT,DTW,FALSE,FALSE,FALSE,189.1
CLT,DTW,FALSE,FALSE,FALSE,189.1
CLT,DTW,FALSE,FALSE,FALSE,189.1
CLT,DTW,FALSE,FALSE,FALSE,189.1
CLT,DTW,FALSE,FALSE,FALSE,189.1
CLT,DTW,FALSE,FALSE,FALSE,189.1
CLT,DTW,FALSE,FALSE,FALSE,189.1
CLT,DTW,FALSE,FALSE,FALSE,189.1
CLT,DTW,FALSE,FALSE,FALSE,189.1
CLT,DTW,FALSE,FALSE,FALSE,189.1
CLT,DTW,FALSE,FALSE,FALSE,189.1
CLT,DTW,FALSE,FALSE,FALSE,277.1
CLT,DTW,FALSE,FALSE,FALSE,348.08
CLT,DTW,FALSE,FALSE,FALSE,348.08
CLT,DTW,FALSE,FALSE,FALSE,393.1
CLT,DTW,FALSE,FALSE,TRUE,447.1
CLT,DTW,FALSE,FALSE,TRUE,447.1
CLT,DTW,FALSE,FALSE,TRUE,447.1
CLT,DTW,FALSE,FALSE,TRUE,447.1
CLT,DTW,FALSE,FALSE,TRUE,447.1
CLT,DTW,FALSE,FALSE,TRUE,447.1
CLT,DTW,FALSE,FALSE,TRUE,447.1
CLT,DTW,FALSE,FALSE,TRUE,447.1
CLT,DTW,FALSE,FALSE,FALSE,456.1
CLT,DTW,FALSE,FALSE,FALSE,456.1
CLT,DTW,FALSE,FALSE,FALSE,456.1
CLT,DTW,FALSE,FALSE,FALSE,456.1
CLT,DTW,FALSE,FALSE,FALSE,456.1
CLT,DTW,FALSE,FALSE,FALSE,456.1
CLT,DTW,FALSE,FALSE,FALSE,456.1
CLT,DTW,FALSE,FALSE,FALSE,456.1
CLT,DTW,FALSE,FALSE,FALSE,456.1
CLT,DTW,FALSE,FALSE,FALSE,456.1
CLT,DTW,FALSE,FALSE,FALSE,456.1
CLT,DTW,FALSE,FALSE,FALSE,456.1
CLT,DTW,FALSE,FALSE,FALSE,456.1
CLT,DTW,FALSE,FALSE,FALSE,456.1
CLT,DTW,FALSE,FALSE,FALSE,456.1
CLT,DTW,FALSE,FALSE,FALSE,456.1
CLT,DTW,FALSE,FALSE,FALSE,606.11
CLT,DTW,FALSE,FALSE,FALSE,664.6
CLT,DTW,FALSE,FALSE,FALSE,728.61
CLT,DTW,FALSE,FALSE,FALSE,974.2
CLT,EWR,FALSE,FALSE,TRUE,243.1
CLT,EWR,FALSE,FALSE,TRUE,243.1
CLT,EWR,FALSE,FALSE,TRUE,243.1
CLT,EWR,FALSE,FALSE,TRUE,243.1
CLT,EWR,FALSE,FALSE,TRUE,243.1
CLT,EWR,FALSE,FALSE,TRUE,243.1
CLT,EWR,FALSE,FALSE,TRUE,243.1
CLT,EWR,FALSE,FALSE,TRUE,243.1
CLT,EWR,FALSE,FALSE,TRUE,243.1
CLT,EWR,FALSE,FALSE,TRUE,243.1
CLT,EWR,FALSE,FALSE,TRUE,243.1
CLT,EWR,FALSE,FALSE,TRUE,243.1
CLT,EWR,FALSE,FALSE,TRUE,243.1
CLT,EWR,FALSE,FALSE,TRUE,243.1
CLT,EWR,FALSE,FALSE,TRUE,243.1
CLT,EWR,FALSE,FALSE,FALSE,252.1
CLT,EWR,FALSE,FALSE,FALSE,252.1
CLT,EWR,FALSE,FALSE,FALSE,252.1
CLT,EWR,FALSE,FALSE,FALSE,252.1
CLT,EWR,FALSE,FALSE,FALSE,252.1
CLT,EWR,FALSE,FALSE,FALSE,252.1
CLT,EWR,FALSE,FALSE,FALSE,252.1
CLT,EWR,FALSE,FALSE,FALSE,252.1
CLT,EWR,FALSE,FALSE,FALSE,252.1
CLT,EWR,FALSE,FALSE,FALSE,252.1
CLT,EWR,FALSE,FALSE,FALSE,252.1
CLT,EWR,FALSE,FALSE,FALSE,252.1
CLT,EWR,FALSE,FALSE,FALSE,252.1
CLT,EWR,FALSE,FALSE,FALSE,252.1
CLT,EWR,FALSE,FALSE,FALSE,252.1
CLT,EWR,FALSE,FALSE,FALSE,252.1
CLT,EWR,FALSE,FALSE,FALSE,252.1
CLT,EWR,FALSE,FALSE,FALSE,252.1
CLT,EWR,FALSE,FALSE,FALSE,336.1
CLT,EWR,FALSE,FALSE,FALSE,336.1
CLT,EWR,FALSE,FALSE,TRUE,397.1
CLT,EWR,FALSE,FALSE,FALSE,427.1
CLT,IAD,FALSE,FALSE,TRUE,190.1
CLT,IAD,FALSE,FALSE,TRUE,190.1
CLT,IAD,FALSE,FALSE,TRUE,212.1
CLT,IAD,FALSE,FALSE,TRUE,269.1
CLT,IAD,FALSE,FALSE,TRUE,342.1
CLT,IAD,FALSE,FALSE,FALSE,350.1
CLT,IAD,FALSE,FALSE,FALSE,350.1
CLT,IAD,FALSE,FALSE,FALSE,395.89
CLT,IAD,FALSE,FALSE,FALSE,517.11
CLT,IAD,FALSE,FALSE,FALSE,670.1
CLT,IAD,FALSE,FALSE,FALSE,690.7
CLT,IAD,FALSE,FALSE,FALSE,697.1
CLT,JFK,FALSE,FALSE,FALSE,210.1
CLT,JFK,FALSE,FALSE,FALSE,210.1
CLT,JFK,FALSE,FALSE,FALSE,210.1
CLT,JFK,FALSE,FALSE,FALSE,210.1
CLT,JFK,FALSE,FALSE,FALSE,210.1
CLT,JFK,FALSE,FALSE,FALSE,210.1
CLT,JFK,FALSE,FALSE,FALSE,210.1
CLT,JFK,FALSE,FALSE,TRUE,397.1
CLT,JFK,FALSE,FALSE,TRUE,397.1
CLT,JFK,FALSE,FALSE,TRUE,397.1
CLT,JFK,FALSE,FALSE,TRUE,397.1
CLT,JFK,FALSE,FALSE,TRUE,397.1
CLT,JFK,FALSE,FALSE,TRUE,397.1
CLT,JFK,FALSE,FALSE,TRUE,397.1
CLT,JFK,FALSE,FALSE,TRUE,397.1
CLT,JFK,FALSE,FALSE,TRUE,397.1
CLT,JFK,FALSE,FALSE,TRUE,397.1
CLT,JFK,FALSE,FALSE,TRUE,397.1
CLT,JFK,FALSE,FALSE,TRUE,397.1
CLT,JFK,FALSE,FALSE,TRUE,397.1
CLT,JFK,FALSE,FALSE,TRUE,397.1
CLT,JFK,FALSE,FALSE,TRUE,397.1
CLT,JFK,FALSE,FALSE,FALSE,406.1
CLT,JFK,FALSE,FALSE,FALSE,406.1
CLT,JFK,FALSE,FALSE,FALSE,406.1
CLT,JFK,FALSE,FALSE,FALSE,406.1
CLT,JFK,FALSE,FALSE,FALSE,406.1
CLT,JFK,FALSE,FALSE,FALSE,480.09
CLT,JFK,FALSE,FALSE,FALSE,485.69
CLT,JFK,FALSE,FALSE,FALSE,485.69
CLT,JFK,FALSE,FALSE,FALSE,540.2
CLT,JFK,FALSE,FALSE,FALSE,560.1
CLT,LAX,FALSE,FALSE,FALSE,188.49
CLT,LAX,FALSE,FALSE,FALSE,238.1
CLT,LAX,FALSE,FALSE,FALSE,369.1
CLT,LAX,FALSE,FALSE,FALSE,369.1
CLT,LAX,FALSE,FALSE,FALSE,369.1
CLT,LAX,FALSE,FALSE,FALSE,369.1
CLT,LAX,FALSE,FALSE,FALSE,369.1
CLT,LAX,FALSE,FALSE,FALSE,369.1
CLT,LAX,FALSE,FALSE,FALSE,369.1
CLT,LAX,FALSE,FALSE,FALSE,369.1
CLT,LAX,FALSE,FALSE,FALSE,369.1
CLT,LAX,FALSE,FALSE,FALSE,369.1
CLT,LAX,FALSE,FALSE,FALSE,369.1
CLT,LAX,FALSE,FALSE,FALSE,369.1
CLT,LAX,FALSE,FALSE,FALSE,369.1
CLT,LAX,FALSE,FALSE,FALSE,369.1
CLT,LAX,FALSE,FALSE,FALSE,369.1
CLT,LAX,FALSE,FALSE,FALSE,369.1
CLT,LAX,FALSE,FALSE,FALSE,369.1
CLT,LAX,FALSE,FALSE,FALSE,369.1
CLT,LAX,FALSE,FALSE,FALSE,369.1
CLT,LAX,FALSE,FALSE,FALSE,369.1
CLT,LAX,FALSE,FALSE,FALSE,369.1
CLT,LAX,FALSE,FALSE,FALSE,369.1
CLT,LAX,FALSE,FALSE,FALSE,369.1
CLT,LAX,FALSE,FALSE,FALSE,369.1
CLT,LAX,FALSE,FALSE,FALSE,369.1
CLT,LAX,FALSE,FALSE,FALSE,369.1
CLT,LAX,FALSE,FALSE,FALSE,369.1
CLT,LAX,FALSE,FALSE,FALSE,369.1
CLT,LAX,FALSE,FALSE,FALSE,369.1
CLT,LAX,FALSE,FALSE,FALSE,369.1
CLT,LAX,FALSE,FALSE,FALSE,369.1
CLT,LAX,FALSE,FALSE,FALSE,369.1
CLT,LAX,FALSE,FALSE,FALSE,369.1
CLT,LAX,FALSE,FALSE,FALSE,369.1
CLT,LAX,FALSE,FALSE,FALSE,369.1
CLT,LAX,FALSE,FALSE,FALSE,369.1
CLT,LAX,FALSE,FALSE,FALSE,369.1
CLT,LAX,FALSE,FALSE,FALSE,369.1
CLT,LAX,FALSE,FALSE,FALSE,369.1
CLT,LAX,FALSE,FALSE,FALSE,369.1
CLT,LAX,FALSE,FALSE,FALSE,369.1
CLT,LAX,FALSE,FALSE,FALSE,369.1
CLT,LAX,FALSE,FALSE,FALSE,369.1
CLT,LAX,FALSE,FALSE,FALSE,369.1
CLT,LAX,FALSE,FALSE,FALSE,369.1
CLT,LAX,FALSE,FALSE,FALSE,369.1
CLT,LAX,FALSE,FALSE,FALSE,369.1
CLT,LAX,FALSE,FALSE,FALSE,369.1
CLT,LAX,FALSE,FALSE,FALSE,369.1
CLT,LAX,FALSE,FALSE,FALSE,369.1
CLT,LAX,FALSE,FALSE,TRUE,388.1
CLT,LAX,FALSE,FALSE,TRUE,388.1
CLT,LAX,FALSE,FALSE,TRUE,388.1
CLT,LAX,FALSE,FALSE,TRUE,388.1
CLT,LAX,FALSE,FALSE,TRUE,388.1
CLT,LAX,FALSE,FALSE,TRUE,388.1
CLT,LAX,FALSE,FALSE,FALSE,392.1
CLT,LAX,FALSE,FALSE,FALSE,392.1
CLT,LAX,FALSE,FALSE,FALSE,397.1
CLT,LAX,FALSE,FALSE,FALSE,397.1
CLT,LAX,FALSE,FALSE,FALSE,397.1
CLT,LAX,FALSE,FALSE,FALSE,397.1
CLT,LAX,FALSE,FALSE,FALSE,397.1
CLT,LAX,FALSE,FALSE,FALSE,397.1
CLT,LAX,FALSE,FALSE,FALSE,399.1
CLT,LAX,FALSE,FALSE,FALSE,435.1
CLT,LAX,FALSE,FALSE,FALSE,445.1
CLT,LAX,FALSE,FALSE,FALSE,497.1
CLT,LAX,FALSE,FALSE,FALSE,497.1
CLT,LAX,FALSE,FALSE,FALSE,497.1
CLT,LAX,FALSE,FALSE,FALSE,604.09
CLT,LAX,FALSE,FALSE,FALSE,609.69
CLT,LAX,FALSE,FALSE,FALSE,670.1
CLT,LAX,FALSE,FALSE,FALSE,2186.7
CLT,LGA,FALSE,FALSE,FALSE,210.1
CLT,LGA,FALSE,FALSE,FALSE,210.1
CLT,LGA,FALSE,FALSE,FALSE,210.1
CLT,LGA,FALSE,FALSE,FALSE,210.1
CLT,LGA,FALSE,FALSE,FALSE,210.1
CLT,LGA,FALSE,FALSE,FALSE,210.1
CLT,LGA,FALSE,FALSE,FALSE,210.1
CLT,LGA,FALSE,FALSE,FALSE,210.1
CLT,LGA,FALSE,FALSE,FALSE,210.1
CLT,LGA,FALSE,FALSE,FALSE,210.1
CLT,LGA,FALSE,FALSE,FALSE,210.1
CLT,LGA,FALSE,FALSE,FALSE,210.1
CLT,LGA,FALSE,FALSE,FALSE,210.1
CLT,LGA,FALSE,FALSE,FALSE,210.1
CLT,LGA,FALSE,FALSE,FALSE,210.1
CLT,LGA,FALSE,FALSE,FALSE,210.1
CLT,LGA,FALSE,FALSE,FALSE,210.1
CLT,LGA,FALSE,FALSE,FALSE,210.1
CLT,LGA,FALSE,FALSE,FALSE,210.1
CLT,LGA,FALSE,FALSE,FALSE,210.1
CLT,LGA,FALSE,FALSE,FALSE,210.1
CLT,LGA,FALSE,FALSE,FALSE,210.1
CLT,LGA,FALSE,FALSE,FALSE,210.1
CLT,LGA,FALSE,FALSE,FALSE,210.1
CLT,LGA,FALSE,FALSE,FALSE,210.1
CLT,LGA,FALSE,FALSE,FALSE,210.1
CLT,LGA,FALSE,FALSE,FALSE,210.1
CLT,LGA,FALSE,FALSE,FALSE,210.1
CLT,LGA,FALSE,FALSE,FALSE,210.1
CLT,LGA,FALSE,FALSE,FALSE,210.1
CLT,LGA,FALSE,FALSE,FALSE,210.1
CLT,LGA,FALSE,FALSE,FALSE,225.1
CLT,LGA,FALSE,FALSE,FALSE,351.38
CLT,LGA,FALSE,FALSE,FALSE,351.38
CLT,LGA,FALSE,FALSE,FALSE,351.38
CLT,LGA,FALSE,FALSE,FALSE,351.38
CLT,LGA,FALSE,FALSE,TRUE,397.1
CLT,LGA,FALSE,FALSE,TRUE,397.1
CLT,LGA,FALSE,FALSE,TRUE,397.1
CLT,LGA,FALSE,FALSE,TRUE,397.1
CLT,LGA,FALSE,FALSE,TRUE,397.1
CLT,LGA,FALSE,FALSE,TRUE,397.1
CLT,LGA,FALSE,FALSE,TRUE,397.1
CLT,LGA,FALSE,FALSE,TRUE,397.1
CLT,LGA,FALSE,FALSE,TRUE,397.1
CLT,LGA,FALSE,FALSE,TRUE,397.1
CLT,LGA,FALSE,FALSE,TRUE,397.1
CLT,LGA,FALSE,FALSE,TRUE,397.1
CLT,LGA,FALSE,FALSE,TRUE,397.1
CLT,LGA,FALSE,FALSE,TRUE,397.1
CLT,LGA,FALSE,FALSE,TRUE,397.1
CLT,LGA,FALSE,FALSE,TRUE,397.1
CLT,LGA,FALSE,FALSE,TRUE,397.1
CLT,LGA,FALSE,FALSE,TRUE,397.1
CLT,LGA,FALSE,FALSE,TRUE,397.1
CLT,LGA,FALSE,FALSE,TRUE,397.1
CLT,LGA,FALSE,FALSE,TRUE,397.1
CLT,LGA,FALSE,FALSE,TRUE,397.1
CLT,LGA,FALSE,FALSE,TRUE,397.1
CLT,LGA,FALSE,FALSE,FALSE,406.1
CLT,LGA,FALSE,FALSE,FALSE,418.08
CLT,LGA,FALSE,FALSE,FALSE,418.08
CLT,LGA,FALSE,FALSE,FALSE,517.5
CLT,MIA,FALSE,FALSE,FALSE,210.1
CLT,MIA,FALSE,FALSE,FALSE,210.1
CLT,MIA,FALSE,FALSE,FALSE,210.1
CLT,MIA,FALSE,FALSE,FALSE,210.1
CLT,MIA,FALSE,FALSE,FALSE,210.1
CLT,MIA,FALSE,FALSE,FALSE,210.1
CLT,MIA,FALSE,FALSE,FALSE,210.1
CLT,MIA,FALSE,FALSE,FALSE,210.1
CLT,MIA,FALSE,FALSE,FALSE,210.1
CLT,MIA,FALSE,FALSE,FALSE,210.1
CLT,MIA,FALSE,FALSE,FALSE,210.1
CLT,MIA,FALSE,FALSE,TRUE,228.1
CLT,MIA,FALSE,FALSE,TRUE,328.1
CLT,MIA,FALSE,FALSE,FALSE,350.1
CLT,MIA,FALSE,FALSE,FALSE,350.1
CLT,MIA,FALSE,FALSE,FALSE,350.1
CLT,MIA,FALSE,FALSE,FALSE,350.1
CLT,MIA,FALSE,FALSE,TRUE,358.1
CLT,MIA,FALSE,FALSE,FALSE,389.09
CLT,MIA,FALSE,FALSE,TRUE,528.1
CLT,MIA,FALSE,FALSE,TRUE,628.1
CLT,MIA,FALSE,FALSE,TRUE,1775.1
CLT,OAK,FALSE,FALSE,FALSE,435.1
CLT,OAK,FALSE,FALSE,FALSE,578.11
CLT,OAK,FALSE,FALSE,FALSE,607.6
CLT,OAK,FALSE,FALSE,FALSE,613.2
CLT,OAK,FALSE,FALSE,FALSE,691.6
CLT,OAK,FALSE,FALSE,FALSE,725.6
CLT,OAK,FALSE,FALSE,FALSE,725.6
CLT,OAK,FALSE,FALSE,FALSE,775.6
CLT,OAK,FALSE,FALSE,FALSE,825.59
CLT,ORD,FALSE,FALSE,TRUE,201.1
CLT,ORD,FALSE,FALSE,TRUE,201.1
CLT,ORD,FALSE,FALSE,TRUE,201.1
CLT,ORD,FALSE,FALSE,TRUE,201.1
CLT,ORD,FALSE,FALSE,TRUE,201.1
CLT,ORD,FALSE,FALSE,TRUE,201.1
CLT,ORD,FALSE,FALSE,TRUE,201.1
CLT,ORD,FALSE,FALSE,TRUE,201.1
CLT,ORD,FALSE,FALSE,TRUE,201.1
CLT,ORD,FALSE,FALSE,FALSE,210.1
CLT,ORD,FALSE,FALSE,FALSE,210.1
CLT,ORD,FALSE,FALSE,FALSE,210.1
CLT,ORD,FALSE,FALSE,FALSE,210.1
CLT,ORD,FALSE,FALSE,FALSE,210.1
CLT,ORD,FALSE,FALSE,FALSE,210.1
CLT,ORD,FALSE,FALSE,FALSE,210.1
CLT,ORD,FALSE,FALSE,FALSE,210.1
CLT,ORD,FALSE,FALSE,FALSE,210.1
CLT,ORD,FALSE,FALSE,FALSE,210.1
CLT,ORD,FALSE,FALSE,FALSE,210.1
CLT,ORD,FALSE,FALSE,FALSE,210.1
CLT,ORD,FALSE,FALSE,FALSE,210.1
CLT,ORD,FALSE,FALSE,FALSE,210.1
CLT,ORD,FALSE,FALSE,FALSE,210.1
CLT,ORD,FALSE,FALSE,FALSE,210.1
CLT,ORD,FALSE,FALSE,FALSE,210.1
CLT,ORD,FALSE,FALSE,FALSE,210.1
CLT,ORD,FALSE,FALSE,FALSE,210.1
CLT,ORD,FALSE,FALSE,FALSE,210.1
CLT,ORD,FALSE,FALSE,FALSE,210.1
CLT,ORD,FALSE,FALSE,FALSE,210.1
CLT,ORD,FALSE,FALSE,FALSE,210.1
CLT,ORD,FALSE,FALSE,FALSE,210.1
CLT,ORD,FALSE,FALSE,FALSE,210.1
CLT,ORD,FALSE,FALSE,FALSE,210.1
CLT,ORD,FALSE,FALSE,FALSE,210.1
CLT,ORD,FALSE,FALSE,FALSE,210.1
CLT,ORD,FALSE,FALSE,FALSE,210.1
CLT,ORD,FALSE,FALSE,FALSE,237.1
CLT,ORD,FALSE,FALSE,FALSE,237.1
CLT,ORD,FALSE,FALSE,FALSE,264.71
CLT,ORD,FALSE,FALSE,TRUE,267.1
CLT,ORD,FALSE,FALSE,FALSE,316.1
CLT,ORD,FALSE,FALSE,FALSE,412.08
CLT,ORD,FALSE,FALSE,FALSE,557.65
CLT,PHL,FALSE,FALSE,TRUE,122.48
CLT,PHL,FALSE,FALSE,FALSE,189.1
CLT,PHL,FALSE,FALSE,FALSE,189.1
CLT,PHL,FALSE,FALSE,FALSE,189.1
CLT,PHL,FALSE,FALSE,FALSE,189.1
CLT,PHL,FALSE,FALSE,FALSE,189.1
CLT,PHL,FALSE,FALSE,FALSE,189.1
CLT,PHL,FALSE,FALSE,FALSE,189.1
CLT,PHL,FALSE,FALSE,FALSE,189.1
CLT,PHL,FALSE,FALSE,FALSE,189.1
CLT,PHL,FALSE,FALSE,FALSE,189.1
CLT,PHL,FALSE,FALSE,FALSE,189.1
CLT,PHL,FALSE,FALSE,FALSE,189.1
CLT,PHL,FALSE,FALSE,TRUE,252.48
CLT,PHL,FALSE,FALSE,FALSE,307.1
CLT,PHL,FALSE,FALSE,FALSE,307.1
CLT,PHL,FALSE,FALSE,FALSE,368.18
CLT,PHL,FALSE,FALSE,FALSE,373.78
CLT,PHL,FALSE,FALSE,TRUE,422.11
CLT,PHL,FALSE,FALSE,TRUE,422.11
CLT,PHL,FALSE,FALSE,TRUE,422.11
CLT,PHL,FALSE,FALSE,TRUE,422.11
CLT,PHL,FALSE,FALSE,TRUE,422.11
CLT,PHL,FALSE,FALSE,FALSE,479.61
CLT,PHL,FALSE,FALSE,FALSE,485.21
CLT,PHL,FALSE,FALSE,FALSE,497.1
CLT,PHL,FALSE,FALSE,FALSE,497.1
CLT,PHL,FALSE,FALSE,FALSE,915.7
CLT,PHL,FALSE,FALSE,FALSE,1460.1
CLT,PHL,FALSE,FALSE,TRUE,2099.11
CLT,SFO,FALSE,FALSE,TRUE,344.1
CLT,SFO,FALSE,FALSE,TRUE,344.1
CLT,SFO,FALSE,FALSE,TRUE,344.1
CLT,SFO,FALSE,FALSE,FALSE,348.11
CLT,SFO,FALSE,FALSE,FALSE,348.11
CLT,SFO,FALSE,FALSE,FALSE,348.11
CLT,SFO,FALSE,FALSE,FALSE,348.11
CLT,SFO,FALSE,FALSE,FALSE,353.1
CLT,SFO,FALSE,FALSE,FALSE,353.1
CLT,SFO,FALSE,FALSE,FALSE,353.1
CLT,SFO,FALSE,FALSE,FALSE,353.1
CLT,SFO,FALSE,FALSE,FALSE,353.1
CLT,SFO,FALSE,FALSE,FALSE,353.1
CLT,SFO,FALSE,FALSE,FALSE,353.1
CLT,SFO,FALSE,FALSE,FALSE,353.1
CLT,SFO,FALSE,FALSE,FALSE,353.1
CLT,SFO,FALSE,FALSE,FALSE,353.1
CLT,SFO,FALSE,FALSE,FALSE,353.1
CLT,SFO,FALSE,FALSE,FALSE,353.1
CLT,SFO,FALSE,FALSE,FALSE,397.1
CLT,SFO,FALSE,FALSE,FALSE,397.1
CLT,SFO,FALSE,FALSE,FALSE,437.1
CLT,SFO,FALSE,FALSE,FALSE,487.1
CLT,SFO,FALSE,FALSE,FALSE,487.1
CLT,SFO,FALSE,FALSE,FALSE,487.1
CLT,SFO,FALSE,FALSE,FALSE,487.1
CLT,SFO,FALSE,FALSE,FALSE,487.1
CLT,SFO,FALSE,FALSE,FALSE,562.7
CLT,SFO,FALSE,FALSE,FALSE,588.7
CLT,SFO,FALSE,FALSE,FALSE,590.61
CLT,SFO,FALSE,FALSE,FALSE,590.61
CLT,SFO,FALSE,FALSE,FALSE,594.1
CLT,SFO,FALSE,FALSE,FALSE,594.1
CLT,SFO,FALSE,FALSE,FALSE,599.7
CLT,SFO,FALSE,FALSE,FALSE,645.1
CLT,SFO,FALSE,FALSE,FALSE,667.1
CLT,SFO,FALSE,FALSE,FALSE,748.1
CLT,SFO,FALSE,FALSE,FALSE,748.1
CLT,SFO,FALSE,FALSE,FALSE,805.7
CLT,SFO,FALSE,FALSE,FALSE,807.1
CLT,SFO,FALSE,FALSE,FALSE,1777.1
CLT,SFO,FALSE,FALSE,FALSE,2186.7
CLT,SFO,FALSE,FALSE,FALSE,2211.09
CLT,SFO,FALSE,FALSE,FALSE,2213.69
CLT,SFO,FALSE,FALSE,FALSE,2261.1
DEN,ATL,FALSE,FALSE,FALSE,214.58
DEN,ATL,FALSE,FALSE,FALSE,234.58
DEN,ATL,FALSE,FALSE,FALSE,264.58
DEN,ATL,FALSE,FALSE,TRUE,273.99
DEN,ATL,FALSE,FALSE,TRUE,296.61
DEN,ATL,FALSE,FALSE,TRUE,296.61
DEN,ATL,FALSE,FALSE,TRUE,296.61
DEN,ATL,FALSE,FALSE,TRUE,296.61
DEN,ATL,FALSE,FALSE,TRUE,296.61
DEN,ATL,FALSE,FALSE,TRUE,296.61
DEN,ATL,FALSE,FALSE,TRUE,296.61
DEN,ATL,FALSE,FALSE,TRUE,296.61
DEN,ATL,FALSE,FALSE,TRUE,296.61
DEN,ATL,FALSE,FALSE,TRUE,296.61
DEN,ATL,FALSE,FALSE,FALSE,304.11
DEN,ATL,FALSE,FALSE,FALSE,304.11
DEN,ATL,FALSE,FALSE,FALSE,304.11
DEN,ATL,FALSE,FALSE,FALSE,304.11
DEN,ATL,FALSE,FALSE,FALSE,305.61
DEN,ATL,FALSE,FALSE,FALSE,305.61
DEN,ATL,FALSE,FALSE,FALSE,305.61
DEN,ATL,FALSE,FALSE,FALSE,305.61
DEN,ATL,FALSE,FALSE,FALSE,305.61
DEN,ATL,FALSE,FALSE,FALSE,305.61
DEN,ATL,FALSE,FALSE,FALSE,305.61
DEN,ATL,FALSE,FALSE,FALSE,305.61
DEN,ATL,FALSE,FALSE,FALSE,305.61
DEN,ATL,FALSE,FALSE,FALSE,305.61
DEN,ATL,FALSE,FALSE,FALSE,305.61
DEN,ATL,FALSE,FALSE,FALSE,305.61
DEN,ATL,FALSE,FALSE,FALSE,311.58
DEN,ATL,FALSE,FALSE,FALSE,311.58
DEN,ATL,FALSE,FALSE,TRUE,378.6
DEN,ATL,FALSE,FALSE,FALSE,554.01
DEN,ATL,FALSE,FALSE,FALSE,554.01
DEN,ATL,FALSE,FALSE,FALSE,594.01
DEN,BOS,FALSE,FALSE,TRUE,313.6
DEN,BOS,FALSE,FALSE,TRUE,313.6
DEN,BOS,FALSE,FALSE,TRUE,313.6
DEN,BOS,FALSE,FALSE,TRUE,313.6
DEN,BOS,FALSE,FALSE,TRUE,313.6
DEN,BOS,FALSE,FALSE,TRUE,313.6
DEN,BOS,FALSE,FALSE,FALSE,321.1
DEN,BOS,FALSE,FALSE,FALSE,321.1
DEN,BOS,FALSE,FALSE,FALSE,321.1
DEN,BOS,FALSE,FALSE,FALSE,321.1
DEN,BOS,FALSE,FALSE,FALSE,322.6
DEN,BOS,FALSE,FALSE,FALSE,322.6
DEN,BOS,FALSE,FALSE,FALSE,322.6
DEN,BOS,FALSE,FALSE,FALSE,322.6
DEN,BOS,FALSE,FALSE,FALSE,322.6
DEN,BOS,FALSE,FALSE,FALSE,322.6
DEN,BOS,FALSE,FALSE,FALSE,322.6
DEN,BOS,FALSE,FALSE,FALSE,322.6
DEN,BOS,FALSE,FALSE,FALSE,322.6
DEN,BOS,FALSE,FALSE,FALSE,322.6
DEN,BOS,FALSE,FALSE,FALSE,322.6
DEN,BOS,FALSE,FALSE,FALSE,322.6
DEN,BOS,FALSE,FALSE,FALSE,322.6
DEN,BOS,FALSE,FALSE,FALSE,322.6
DEN,BOS,FALSE,FALSE,FALSE,322.6
DEN,BOS,FALSE,FALSE,FALSE,322.6
DEN,BOS,FALSE,FALSE,FALSE,322.6
DEN,BOS,FALSE,FALSE,FALSE,322.6
DEN,BOS,FALSE,FALSE,FALSE,322.6
DEN,BOS,FALSE,FALSE,FALSE,322.6
DEN,BOS,FALSE,FALSE,FALSE,322.6
DEN,BOS,FALSE,FALSE,FALSE,322.6
DEN,BOS,FALSE,FALSE,FALSE,322.6
DEN,BOS,FALSE,FALSE,FALSE,322.6
DEN,BOS,FALSE,FALSE,FALSE,322.6
DEN,BOS,FALSE,FALSE,FALSE,322.6
DEN,BOS,FALSE,FALSE,FALSE,322.6
DEN,BOS,FALSE,FALSE,FALSE,322.6
DEN,BOS,FALSE,FALSE,FALSE,322.6
DEN,BOS,FALSE,FALSE,FALSE,322.6
DEN,BOS,FALSE,FALSE,FALSE,322.6
DEN,BOS,FALSE,FALSE,FALSE,322.6
DEN,BOS,FALSE,FALSE,FALSE,322.6
DEN,BOS,FALSE,FALSE,FALSE,322.6
DEN,BOS,FALSE,FALSE,FALSE,322.6
DEN,BOS,FALSE,FALSE,FALSE,322.6
DEN,BOS,FALSE,FALSE,FALSE,322.6
DEN,BOS,FALSE,FALSE,FALSE,322.6
DEN,BOS,FALSE,FALSE,FALSE,322.6
DEN,BOS,FALSE,FALSE,FALSE,322.6
DEN,BOS,FALSE,FALSE,FALSE,327.2
DEN,BOS,FALSE,FALSE,TRUE,343.6
DEN,BOS,FALSE,FALSE,FALSE,352.6
DEN,BOS,FALSE,FALSE,FALSE,367.2
DEN,BOS,FALSE,FALSE,FALSE,372.58
DEN,BOS,FALSE,FALSE,FALSE,372.58
DEN,BOS,FALSE,FALSE,FALSE,392.1
DEN,BOS,FALSE,FALSE,FALSE,649.21
DEN,CLT,FALSE,FALSE,TRUE,296.61
DEN,CLT,FALSE,FALSE,TRUE,296.61
DEN,CLT,FALSE,FALSE,TRUE,296.61
DEN,CLT,FALSE,FALSE,TRUE,296.61
DEN,CLT,FALSE,FALSE,TRUE,296.61
DEN,CLT,FALSE,FALSE,FALSE,305.61
DEN,CLT,FALSE,FALSE,FALSE,305.61
DEN,CLT,FALSE,FALSE,FALSE,305.61
DEN,CLT,FALSE,FALSE,FALSE,305.61
DEN,CLT,FALSE,FALSE,FALSE,305.61
DEN,CLT,FALSE,FALSE,FALSE,305.61
DEN,CLT,FALSE,FALSE,FALSE,305.61
DEN,CLT,FALSE,FALSE,FALSE,305.61
DEN,CLT,FALSE,FALSE,FALSE,305.61
DEN,CLT,FALSE,FALSE,FALSE,305.61
DEN,CLT,FALSE,FALSE,FALSE,305.61
DEN,CLT,FALSE,FALSE,FALSE,342.6
DEN,CLT,FALSE,FALSE,FALSE,342.6
DEN,CLT,FALSE,FALSE,TRUE,348.6
DEN,CLT,FALSE,FALSE,TRUE,403.99
DEN,CLT,FALSE,FALSE,FALSE,548.6
DEN,CLT,FALSE,FALSE,FALSE,579.61
DEN,CLT,FALSE,FALSE,FALSE,614.01
DEN,CLT,FALSE,FALSE,FALSE,636.6
DEN,DFW,FALSE,FALSE,TRUE,192.99
DEN,DFW,FALSE,FALSE,TRUE,192.99
DEN,DFW,FALSE,FALSE,TRUE,202.6
DEN,DFW,FALSE,FALSE,TRUE,202.6
DEN,DFW,FALSE,FALSE,TRUE,202.6
DEN,DFW,FALSE,FALSE,TRUE,202.6
DEN,DFW,FALSE,FALSE,TRUE,202.6
DEN,DFW,FALSE,FALSE,TRUE,202.6
DEN,DFW,FALSE,FALSE,TRUE,202.6
DEN,DFW,FALSE,FALSE,TRUE,202.6
DEN,DFW,FALSE,FALSE,TRUE,202.6
DEN,DFW,FALSE,FALSE,FALSE,211.6
DEN,DFW,FALSE,FALSE,FALSE,211.6
DEN,DFW,FALSE,FALSE,FALSE,211.6
DEN,DFW,FALSE,FALSE,FALSE,211.6
DEN,DFW,FALSE,FALSE,FALSE,211.6
DEN,DFW,TRUE,FALSE,FALSE,211.6
DEN,DFW,TRUE,FALSE,FALSE,211.6
DEN,DFW,TRUE,FALSE,FALSE,211.6
DEN,DFW,FALSE,FALSE,FALSE,211.6
DEN,DFW,FALSE,FALSE,FALSE,211.6
DEN,DFW,FALSE,FALSE,FALSE,211.6
DEN,DFW,FALSE,FALSE,FALSE,211.6
DEN,DFW,TRUE,FALSE,FALSE,211.6
DEN,DFW,FALSE,FALSE,FALSE,211.6
DEN,DFW,TRUE,FALSE,FALSE,211.6
DEN,DFW,TRUE,FALSE,FALSE,211.6
DEN,DFW,TRUE,FALSE,FALSE,211.6
DEN,DFW,TRUE,FALSE,FALSE,211.6
DEN,DFW,TRUE,FALSE,FALSE,211.6
DEN,DFW,TRUE,FALSE,FALSE,211.6
DEN,DFW,FALSE,FALSE,TRUE,248.6
DEN,DFW,FALSE,FALSE,FALSE,253.6
DEN,DFW,FALSE,FALSE,FALSE,253.6
DEN,DFW,FALSE,FALSE,TRUE,259.6
DEN,DFW,FALSE,FALSE,FALSE,289.6
DEN,DFW,FALSE,FALSE,FALSE,289.6
DEN,DFW,FALSE,FALSE,FALSE,344.6
DEN,DFW,FALSE,FALSE,FALSE,529.6
DEN,DFW,FALSE,FALSE,FALSE,579.6
DEN,DFW,FALSE,FALSE,FALSE,1523.19
DEN,DFW,FALSE,FALSE,FALSE,1523.19
DEN,DFW,FALSE,FALSE,FALSE,1804.6
DEN,DFW,FALSE,FALSE,FALSE,1804.6
DEN,DFW,FALSE,FALSE,FALSE,1804.6
DEN,DFW,FALSE,FALSE,FALSE,1810.2
DEN,DTW,FALSE,FALSE,FALSE,230.58
DEN,DTW,FALSE,FALSE,FALSE,290.58
DEN,DTW,FALSE,FALSE,TRUE,296.61
DEN,DTW,FALSE,FALSE,TRUE,296.61
DEN,DTW,FALSE,FALSE,TRUE,296.61
DEN,DTW,FALSE,FALSE,TRUE,296.61
DEN,DTW,FALSE,FALSE,TRUE,296.61
DEN,DTW,FALSE,FALSE,TRUE,296.61
DEN,DTW,FALSE,FALSE,FALSE,304.11
DEN,DTW,FALSE,FALSE,FALSE,304.11
DEN,DTW,FALSE,FALSE,FALSE,304.11
DEN,DTW,FALSE,FALSE,FALSE,305.61
DEN,DTW,FALSE,FALSE,FALSE,305.61
DEN,DTW,FALSE,FALSE,FALSE,305.61
DEN,DTW,FALSE,FALSE,FALSE,305.61
DEN,DTW,FALSE,FALSE,FALSE,305.61
DEN,DTW,FALSE,FALSE,FALSE,305.61
DEN,DTW,FALSE,FALSE,FALSE,305.61
DEN,DTW,FALSE,FALSE,FALSE,305.61
DEN,DTW,FALSE,FALSE,FALSE,305.61
DEN,DTW,FALSE,FALSE,FALSE,305.61
DEN,DTW,FALSE,FALSE,FALSE,305.61
DEN,DTW,FALSE,FALSE,FALSE,305.61
DEN,DTW,FALSE,FALSE,FALSE,305.61
DEN,DTW,FALSE,FALSE,FALSE,305.61
DEN,DTW,FALSE,FALSE,FALSE,305.61
DEN,DTW,FALSE,FALSE,FALSE,305.61
DEN,DTW,FALSE,FALSE,FALSE,340.58
DEN,DTW,FALSE,FALSE,FALSE,340.58
DEN,DTW,FALSE,FALSE,FALSE,387.6
DEN,DTW,FALSE,FALSE,FALSE,397.6
DEN,DTW,FALSE,FALSE,FALSE,425.6
DEN,DTW,FALSE,FALSE,FALSE,425.6
DEN,DTW,FALSE,FALSE,FALSE,477.61
DEN,DTW,FALSE,FALSE,FALSE,554.01
DEN,DTW,FALSE,FALSE,FALSE,594.01
DEN,EWR,FALSE,FALSE,FALSE,362.58
DEN,EWR,FALSE,FALSE,FALSE,385.1
DEN,EWR,FALSE,FALSE,FALSE,385.1
DEN,EWR,FALSE,FALSE,TRUE,408.6
DEN,EWR,FALSE,FALSE,TRUE,408.6
DEN,EWR,FALSE,FALSE,TRUE,408.6
DEN,EWR,FALSE,FALSE,TRUE,408.6
DEN,EWR,FALSE,FALSE,TRUE,408.6
DEN,EWR,FALSE,FALSE,TRUE,408.6
DEN,EWR,FALSE,FALSE,FALSE,408.6
DEN,EWR,FALSE,FALSE,FALSE,416.1
DEN,EWR,FALSE,FALSE,FALSE,416.1
DEN,EWR,FALSE,FALSE,FALSE,416.1
DEN,EWR,FALSE,FALSE,FALSE,416.1
DEN,EWR,FALSE,FALSE,FALSE,416.1
DEN,EWR,FALSE,FALSE,FALSE,417.6
DEN,EWR,FALSE,FALSE,FALSE,417.6
DEN,EWR,FALSE,FALSE,FALSE,417.6
DEN,EWR,FALSE,FALSE,FALSE,417.6
DEN,EWR,FALSE,FALSE,FALSE,417.6
DEN,EWR,FALSE,FALSE,FALSE,417.6
DEN,EWR,FALSE,FALSE,FALSE,417.6
DEN,EWR,FALSE,FALSE,FALSE,417.6
DEN,EWR,FALSE,FALSE,FALSE,417.6
DEN,EWR,FALSE,FALSE,FALSE,417.6
DEN,EWR,FALSE,FALSE,FALSE,417.6
DEN,EWR,FALSE,FALSE,FALSE,417.6
DEN,EWR,FALSE,FALSE,FALSE,417.6
DEN,EWR,FALSE,FALSE,FALSE,417.6
DEN,EWR,FALSE,FALSE,FALSE,417.6
DEN,EWR,FALSE,FALSE,FALSE,417.6
DEN,EWR,FALSE,FALSE,FALSE,417.6
DEN,EWR,FALSE,FALSE,FALSE,417.6
DEN,EWR,FALSE,FALSE,FALSE,417.6
DEN,EWR,FALSE,FALSE,FALSE,417.6
DEN,EWR,FALSE,FALSE,FALSE,417.6
DEN,EWR,FALSE,FALSE,FALSE,417.6
DEN,EWR,FALSE,FALSE,FALSE,417.6
DEN,EWR,FALSE,FALSE,FALSE,417.6
DEN,EWR,FALSE,FALSE,FALSE,417.6
DEN,EWR,FALSE,FALSE,FALSE,417.6
DEN,EWR,FALSE,FALSE,FALSE,417.6
DEN,EWR,FALSE,FALSE,FALSE,417.6
DEN,EWR,FALSE,FALSE,FALSE,417.6
DEN,EWR,FALSE,FALSE,FALSE,417.6
DEN,EWR,FALSE,FALSE,FALSE,417.6
DEN,EWR,FALSE,FALSE,FALSE,417.6
DEN,EWR,FALSE,FALSE,FALSE,417.6
DEN,EWR,FALSE,FALSE,FALSE,417.6
DEN,EWR,FALSE,FALSE,FALSE,432.2
DEN,EWR,FALSE,FALSE,FALSE,432.2
DEN,EWR,FALSE,FALSE,FALSE,446.58
DEN,EWR,FALSE,FALSE,FALSE,446.58
DEN,EWR,FALSE,FALSE,FALSE,451.19
DEN,EWR,FALSE,FALSE,FALSE,451.19
DEN,EWR,FALSE,FALSE,FALSE,465.6
DEN,EWR,FALSE,FALSE,FALSE,469.61
DEN,EWR,FALSE,FALSE,FALSE,472.2
DEN,EWR,FALSE,FALSE,FALSE,496.6
DEN,EWR,FALSE,FALSE,FALSE,496.6
DEN,EWR,FALSE,FALSE,FALSE,498.6
DEN,EWR,FALSE,FALSE,FALSE,504.6
DEN,EWR,FALSE,FALSE,FALSE,504.6
DEN,EWR,FALSE,FALSE,FALSE,507.6
DEN,EWR,FALSE,FALSE,FALSE,574.6
DEN,EWR,FALSE,FALSE,FALSE,589.61
DEN,EWR,FALSE,FALSE,FALSE,607.61
DEN,EWR,FALSE,FALSE,TRUE,1048.6
DEN,EWR,FALSE,FALSE,FALSE,1817.59
DEN,EWR,FALSE,FALSE,FALSE,1817.59
DEN,IAD,FALSE,FALSE,FALSE,305.61
DEN,IAD,FALSE,FALSE,FALSE,305.61
DEN,IAD,FALSE,FALSE,FALSE,365.6
DEN,IAD,FALSE,FALSE,FALSE,366.1
DEN,IAD,FALSE,FALSE,FALSE,460.2
DEN,IAD,FALSE,FALSE,FALSE,460.2
DEN,IAD,FALSE,FALSE,FALSE,472.61
DEN,IAD,FALSE,FALSE,FALSE,481.6
DEN,IAD,FALSE,FALSE,FALSE,481.6
DEN,IAD,FALSE,FALSE,TRUE,488.6
DEN,IAD,FALSE,FALSE,FALSE,509.61
DEN,IAD,FALSE,FALSE,FALSE,511.2
DEN,IAD,FALSE,FALSE,FALSE,531.6
DEN,IAD,FALSE,FALSE,TRUE,588.6
DEN,IAD,FALSE,FALSE,TRUE,588.6
DEN,IAD,FALSE,FALSE,TRUE,588.6
DEN,IAD,FALSE,FALSE,FALSE,591.6
DEN,IAD,FALSE,FALSE,FALSE,597.6
DEN,IAD,FALSE,FALSE,FALSE,597.6
DEN,IAD,FALSE,FALSE,FALSE,635.6
DEN,IAD,FALSE,FALSE,FALSE,635.6
DEN,IAD,FALSE,FALSE,FALSE,637.6
DEN,IAD,FALSE,FALSE,FALSE,650.1
DEN,IAD,FALSE,FALSE,FALSE,650.1
DEN,IAD,FALSE,FALSE,TRUE,728.6
DEN,IAD,FALSE,FALSE,TRUE,728.6
DEN,IAD,FALSE,FALSE,FALSE,743.54
DEN,IAD,FALSE,FALSE,FALSE,821.61
DEN,IAD,FALSE,FALSE,FALSE,1301.6
DEN,IAD,FALSE,FALSE,FALSE,1587.6
DEN,IAD,FALSE,FALSE,FALSE,1941.59
DEN,JFK,TRUE,FALSE,TRUE,208.61
DEN,JFK,FALSE,FALSE,TRUE,208.61
DEN,JFK,TRUE,FALSE,TRUE,208.61
DEN,JFK,FALSE,FALSE,FALSE,216.11
DEN,JFK,FALSE,FALSE,FALSE,216.11
DEN,JFK,FALSE,FALSE,FALSE,216.11
DEN,JFK,FALSE,FALSE,FALSE,216.11
DEN,JFK,FALSE,FALSE,FALSE,217.61
DEN,JFK,FALSE,FALSE,FALSE,217.61
DEN,JFK,FALSE,FALSE,FALSE,217.61
DEN,JFK,FALSE,FALSE,TRUE,260.1
DEN,JFK,FALSE,FALSE,FALSE,267.6
DEN,JFK,FALSE,FALSE,FALSE,541.6
DEN,JFK,FALSE,FALSE,FALSE,547.2
DEN,JFK,FALSE,FALSE,FALSE,549.6
DEN,JFK,FALSE,FALSE,FALSE,560.6
DEN,JFK,FALSE,FALSE,FALSE,566.2
DEN,JFK,FALSE,FALSE,FALSE,584.6
DEN,JFK,FALSE,FALSE,FALSE,587.2
DEN,JFK,FALSE,FALSE,FALSE,602.61
DEN,JFK,FALSE,FALSE,FALSE,622.6
DEN,JFK,FALSE,FALSE,FALSE,628.2
DEN,JFK,FALSE,FALSE,FALSE,628.2
DEN,JFK,FALSE,FALSE,FALSE,640.2
DEN,JFK,FALSE,FALSE,FALSE,652.2
DEN,JFK,FALSE,FALSE,FALSE,711.6
DEN,JFK,FALSE,FALSE,FALSE,731.6
DEN,JFK,FALSE,FALSE,FALSE,741.59
DEN,JFK,FALSE,FALSE,FALSE,741.6
DEN,JFK,FALSE,FALSE,FALSE,745.7
DEN,JFK,FALSE,FALSE,FALSE,747.2
DEN,JFK,FALSE,FALSE,FALSE,757.2
DEN,JFK,FALSE,FALSE,FALSE,760.2
DEN,LAX,FALSE,FALSE,TRUE,153.99
DEN,LAX,FALSE,FALSE,FALSE,169.99
DEN,LAX,FALSE,FALSE,TRUE,238.6
DEN,LAX,FALSE,FALSE,TRUE,238.6
DEN,LAX,FALSE,FALSE,TRUE,238.6
DEN,LAX,FALSE,FALSE,TRUE,238.6
DEN,LAX,FALSE,FALSE,TRUE,238.6
DEN,LAX,FALSE,FALSE,TRUE,238.6
DEN,LAX,FALSE,FALSE,TRUE,244.6
DEN,LAX,FALSE,FALSE,FALSE,247.6
DEN,LAX,FALSE,FALSE,FALSE,253.6
DEN,LAX,FALSE,FALSE,FALSE,253.6
DEN,LAX,FALSE,FALSE,FALSE,253.6
DEN,LAX,FALSE,FALSE,FALSE,253.6
DEN,LAX,FALSE,FALSE,FALSE,253.6
DEN,LAX,FALSE,FALSE,FALSE,253.6
DEN,LAX,FALSE,FALSE,FALSE,253.6
DEN,LAX,FALSE,FALSE,FALSE,253.6
DEN,LAX,FALSE,FALSE,FALSE,253.6
DEN,LAX,FALSE,FALSE,FALSE,253.6
DEN,LAX,FALSE,FALSE,TRUE,288.6
DEN,LAX,FALSE,FALSE,TRUE,288.6
DEN,LAX,FALSE,FALSE,FALSE,329.58
DEN,LAX,FALSE,FALSE,FALSE,329.58
DEN,LAX,FALSE,FALSE,TRUE,338.61
DEN,LAX,FALSE,FALSE,TRUE,338.61
DEN,LAX,FALSE,FALSE,TRUE,338.61
DEN,LAX,FALSE,FALSE,FALSE,340.51
DEN,LAX,FALSE,FALSE,FALSE,346.11
DEN,LAX,FALSE,FALSE,FALSE,347.61
DEN,LAX,FALSE,FALSE,FALSE,347.61
DEN,LAX,FALSE,FALSE,FALSE,347.61
DEN,LAX,FALSE,FALSE,FALSE,347.61
DEN,LAX,FALSE,FALSE,FALSE,347.61
DEN,LAX,FALSE,FALSE,FALSE,347.61
DEN,LAX,FALSE,FALSE,FALSE,397.6
DEN,LAX,FALSE,FALSE,TRUE,398.6
DEN,LAX,FALSE,FALSE,FALSE,407.5
DEN,LAX,FALSE,FALSE,FALSE,413.1
DEN,LAX,FALSE,FALSE,FALSE,417.6
DEN,LAX,FALSE,FALSE,FALSE,417.6
DEN,LAX,FALSE,FALSE,TRUE,1693.6
DEN,LAX,FALSE,FALSE,TRUE,1693.6
DEN,LGA,FALSE,FALSE,TRUE,208.61
DEN,LGA,FALSE,FALSE,TRUE,208.61
DEN,LGA,FALSE,FALSE,TRUE,208.61
DEN,LGA,FALSE,FALSE,TRUE,208.61
DEN,LGA,FALSE,FALSE,TRUE,208.61
DEN,LGA,FALSE,FALSE,TRUE,208.61
DEN,LGA,FALSE,FALSE,TRUE,208.61
DEN,LGA,TRUE,FALSE,TRUE,208.61
DEN,LGA,FALSE,FALSE,FALSE,216.11
DEN,LGA,FALSE,FALSE,FALSE,216.11
DEN,LGA,FALSE,FALSE,FALSE,216.11
DEN,LGA,TRUE,FALSE,FALSE,217.61
DEN,LGA,FALSE,FALSE,FALSE,217.61
DEN,LGA,TRUE,FALSE,FALSE,217.61
DEN,LGA,FALSE,FALSE,FALSE,217.61
DEN,LGA,FALSE,FALSE,FALSE,217.61
DEN,LGA,TRUE,FALSE,FALSE,217.61
DEN,LGA,FALSE,FALSE,FALSE,217.61
DEN,LGA,TRUE,FALSE,FALSE,217.61
DEN,LGA,FALSE,FALSE,FALSE,217.61
DEN,LGA,FALSE,FALSE,FALSE,217.61
DEN,LGA,FALSE,FALSE,FALSE,217.61
DEN,LGA,FALSE,FALSE,FALSE,217.61
DEN,LGA,FALSE,FALSE,FALSE,217.61
DEN,LGA,FALSE,FALSE,FALSE,217.61
DEN,LGA,TRUE,FALSE,FALSE,217.61
DEN,LGA,FALSE,FALSE,FALSE,217.61
DEN,LGA,FALSE,FALSE,FALSE,217.61
DEN,LGA,FALSE,FALSE,FALSE,217.61
DEN,LGA,TRUE,FALSE,FALSE,217.61
DEN,LGA,FALSE,FALSE,FALSE,217.61
DEN,LGA,FALSE,FALSE,FALSE,217.61
DEN,LGA,TRUE,FALSE,FALSE,217.61
DEN,LGA,FALSE,FALSE,FALSE,217.61
DEN,LGA,FALSE,FALSE,TRUE,238.6
DEN,LGA,FALSE,FALSE,TRUE,238.6
DEN,LGA,FALSE,FALSE,FALSE,247.6
DEN,LGA,FALSE,FALSE,TRUE,258.6
DEN,LGA,FALSE,FALSE,FALSE,267.6
DEN,LGA,FALSE,FALSE,FALSE,267.6
DEN,LGA,FALSE,FALSE,FALSE,413.58
DEN,LGA,FALSE,FALSE,FALSE,467.2
DEN,LGA,FALSE,FALSE,FALSE,541.6
DEN,LGA,FALSE,FALSE,FALSE,541.6
DEN,LGA,FALSE,FALSE,FALSE,541.6
DEN,LGA,FALSE,FALSE,FALSE,547.2
DEN,LGA,FALSE,FALSE,FALSE,579.01
DEN,LGA,FALSE,FALSE,TRUE,598.61
DEN,MIA,FALSE,FALSE,FALSE,311.58
DEN,MIA,FALSE,FALSE,TRUE,361.6
DEN,MIA,FALSE,FALSE,TRUE,361.6
DEN,MIA,FALSE,FALSE,TRUE,361.6
DEN,MIA,FALSE,FALSE,FALSE,369.1
DEN,MIA,FALSE,FALSE,FALSE,369.1
DEN,MIA,FALSE,FALSE,FALSE,370.6
DEN,MIA,FALSE,FALSE,FALSE,370.6
DEN,MIA,FALSE,FALSE,FALSE,370.6
DEN,MIA,FALSE,FALSE,FALSE,370.6
DEN,MIA,FALSE,FALSE,FALSE,370.6
DEN,MIA,FALSE,FALSE,FALSE,370.6
DEN,MIA,FALSE,FALSE,FALSE,370.6
DEN,MIA,FALSE,FALSE,FALSE,370.6
DEN,MIA,FALSE,FALSE,FALSE,370.6
DEN,MIA,FALSE,FALSE,FALSE,370.6
DEN,MIA,FALSE,FALSE,FALSE,370.6
DEN,MIA,FALSE,FALSE,FALSE,370.6
DEN,MIA,FALSE,FALSE,FALSE,370.6
DEN,MIA,FALSE,FALSE,FALSE,370.6
DEN,MIA,FALSE,FALSE,FALSE,370.6
DEN,MIA,FALSE,FALSE,FALSE,370.6
DEN,MIA,FALSE,FALSE,FALSE,370.6
DEN,MIA,FALSE,FALSE,FALSE,370.6
DEN,MIA,FALSE,FALSE,FALSE,370.6
DEN,MIA,FALSE,FALSE,FALSE,370.6
DEN,MIA,FALSE,FALSE,FALSE,370.6
DEN,MIA,FALSE,FALSE,FALSE,370.6
DEN,MIA,FALSE,FALSE,FALSE,370.6
DEN,MIA,FALSE,FALSE,TRUE,403.99
DEN,MIA,FALSE,FALSE,FALSE,420.6
DEN,MIA,FALSE,FALSE,FALSE,489.19
DEN,MIA,FALSE,FALSE,FALSE,498.6
DEN,MIA,FALSE,FALSE,FALSE,2149.6
DEN,OAK,FALSE,FALSE,TRUE,123.98
DEN,OAK,FALSE,FALSE,FALSE,253.6
DEN,OAK,FALSE,FALSE,FALSE,428.6
DEN,OAK,FALSE,FALSE,FALSE,531.59
DEN,OAK,FALSE,FALSE,FALSE,531.59
DEN,OAK,FALSE,FALSE,FALSE,537.19
DEN,OAK,FALSE,FALSE,FALSE,537.19
DEN,OAK,FALSE,FALSE,FALSE,537.19
DEN,OAK,FALSE,FALSE,FALSE,582.7
DEN,OAK,FALSE,FALSE,FALSE,608.6
DEN,OAK,FALSE,FALSE,FALSE,961.09
DEN,OAK,FALSE,FALSE,FALSE,1136.09
DEN,ORD,FALSE,FALSE,TRUE,244.6
DEN,ORD,FALSE,FALSE,FALSE,252.1
DEN,ORD,FALSE,FALSE,FALSE,252.1
DEN,ORD,FALSE,FALSE,FALSE,252.1
DEN,ORD,FALSE,FALSE,FALSE,253.6
DEN,ORD,FALSE,FALSE,FALSE,253.6
DEN,ORD,FALSE,FALSE,FALSE,253.6
DEN,ORD,FALSE,FALSE,FALSE,253.6
DEN,ORD,FALSE,FALSE,FALSE,253.6
DEN,ORD,FALSE,FALSE,FALSE,253.6
DEN,ORD,FALSE,FALSE,FALSE,253.6
DEN,ORD,FALSE,FALSE,FALSE,253.6
DEN,ORD,FALSE,FALSE,FALSE,283.58
DEN,ORD,FALSE,FALSE,FALSE,317.6
DEN,ORD,FALSE,FALSE,TRUE,348.6
DEN,ORD,FALSE,FALSE,FALSE,351.6
DEN,ORD,FALSE,FALSE,FALSE,357.6
DEN,ORD,FALSE,FALSE,TRUE,358.99
DEN,ORD,FALSE,FALSE,TRUE,408.6
DEN,ORD,FALSE,FALSE,FALSE,489.19
DEN,ORD,FALSE,FALSE,TRUE,498.6
DEN,ORD,FALSE,FALSE,TRUE,498.6
DEN,ORD,FALSE,FALSE,TRUE,498.6
DEN,ORD,FALSE,FALSE,FALSE,506.2
DEN,ORD,FALSE,FALSE,FALSE,519
DEN,ORD,FALSE,FALSE,TRUE,607.6
DEN,ORD,FALSE,FALSE,TRUE,608.6
DEN,ORD,FALSE,FALSE,FALSE,617.6
DEN,ORD,FALSE,FALSE,FALSE,1593.61
DEN,ORD,FALSE,FALSE,TRUE,1802.61
DEN,ORD,FALSE,FALSE,FALSE,2303.6
DEN,PHL,FALSE,FALSE,TRUE,143.99
DEN,PHL,FALSE,FALSE,FALSE,345.58
DEN,PHL,FALSE,FALSE,TRUE,361.6
DEN,PHL,FALSE,FALSE,TRUE,361.6
DEN,PHL,FALSE,FALSE,TRUE,361.6
DEN,PHL,FALSE,FALSE,FALSE,369.1
DEN,PHL,FALSE,FALSE,FALSE,370.6
DEN,PHL,FALSE,FALSE,FALSE,370.6
DEN,PHL,FALSE,FALSE,FALSE,370.6
DEN,PHL,FALSE,FALSE,FALSE,370.6
DEN,PHL,FALSE,FALSE,FALSE,427.6
DEN,PHL,FALSE,FALSE,FALSE,436.6
DEN,PHL,FALSE,FALSE,FALSE,556.6
DEN,PHL,FALSE,FALSE,FALSE,588.6
DEN,PHL,FALSE,FALSE,FALSE,588.6
DEN,PHL,FALSE,FALSE,FALSE,614.01
DEN,PHL,FALSE,FALSE,FALSE,619.61
DEN,PHL,FALSE,FALSE,FALSE,681.6
DEN,SFO,FALSE,FALSE,TRUE,163.98
DEN,SFO,FALSE,FALSE,FALSE,253.6
DEN,SFO,FALSE,FALSE,FALSE,253.6
DEN,SFO,FALSE,FALSE,FALSE,317.6
DEN,SFO,FALSE,FALSE,FALSE,327.6
DEN,SFO,FALSE,FALSE,TRUE,358.6
DEN,SFO,FALSE,FALSE,FALSE,367.6
DEN,SFO,FALSE,FALSE,FALSE,367.6
DEN,SFO,FALSE,FALSE,FALSE,367.6
DEN,SFO,FALSE,FALSE,FALSE,369.6
DEN,SFO,FALSE,FALSE,TRUE,428.6
DEN,SFO,FALSE,FALSE,TRUE,428.6
DEN,SFO,FALSE,FALSE,FALSE,449.6
DEN,SFO,FALSE,FALSE,FALSE,451.6
DEN,SFO,FALSE,FALSE,TRUE,518.6
DEN,SFO,FALSE,FALSE,TRUE,518.6
DEN,SFO,FALSE,FALSE,TRUE,518.6
DEN,SFO,FALSE,FALSE,TRUE,518.6
DEN,SFO,FALSE,FALSE,FALSE,527.6
DEN,SFO,FALSE,FALSE,FALSE,569.6
DEN,SFO,FALSE,FALSE,TRUE,638.61
DEN,SFO,FALSE,FALSE,TRUE,638.61
DEN,SFO,FALSE,FALSE,FALSE,695.6
DEN,SFO,FALSE,FALSE,FALSE,787.19
DFW,ATL,FALSE,FALSE,TRUE,166.98
DFW,ATL,FALSE,FALSE,TRUE,168.59
DFW,ATL,FALSE,FALSE,TRUE,202.6
DFW,ATL,FALSE,FALSE,TRUE,202.6
DFW,ATL,FALSE,FALSE,TRUE,202.6
DFW,ATL,FALSE,FALSE,TRUE,202.6
DFW,ATL,FALSE,FALSE,TRUE,202.6
DFW,ATL,FALSE,FALSE,FALSE,211.6
DFW,ATL,FALSE,FALSE,FALSE,211.6
DFW,ATL,FALSE,FALSE,FALSE,211.6
DFW,ATL,FALSE,FALSE,FALSE,211.6
DFW,ATL,FALSE,FALSE,FALSE,211.6
DFW,ATL,FALSE,FALSE,TRUE,252.61
DFW,ATL,FALSE,FALSE,TRUE,252.61
DFW,ATL,FALSE,FALSE,TRUE,259.6
DFW,ATL,FALSE,FALSE,FALSE,273.99
DFW,ATL,FALSE,FALSE,TRUE,278.6
DFW,ATL,FALSE,FALSE,TRUE,278.6
DFW,ATL,FALSE,FALSE,TRUE,278.6
DFW,ATL,FALSE,FALSE,TRUE,278.6
DFW,ATL,FALSE,FALSE,FALSE,339.58
DFW,ATL,FALSE,FALSE,FALSE,339.58
DFW,ATL,FALSE,FALSE,TRUE,368.6
DFW,ATL,FALSE,FALSE,TRUE,368.6
DFW,ATL,FALSE,FALSE,TRUE,368.6
DFW,ATL,FALSE,FALSE,TRUE,418.6
DFW,ATL,FALSE,FALSE,TRUE,498.6
DFW,BOS,FALSE,FALSE,TRUE,252.61
DFW,BOS,FALSE,FALSE,TRUE,252.61
DFW,BOS,FALSE,FALSE,TRUE,252.61
DFW,BOS,FALSE,FALSE,TRUE,252.61
DFW,BOS,FALSE,FALSE,TRUE,252.61
DFW,BOS,FALSE,FALSE,TRUE,252.61
DFW,BOS,FALSE,FALSE,FALSE,261.61
DFW,BOS,FALSE,FALSE,FALSE,261.61
DFW,BOS,FALSE,FALSE,FALSE,261.61
DFW,BOS,FALSE,FALSE,FALSE,261.61
DFW,BOS,FALSE,FALSE,FALSE,261.61
DFW,BOS,FALSE,FALSE,FALSE,261.61
DFW,BOS,FALSE,FALSE,FALSE,261.61
DFW,BOS,FALSE,FALSE,FALSE,261.61
DFW,BOS,FALSE,FALSE,FALSE,261.61
DFW,BOS,FALSE,FALSE,FALSE,261.61
DFW,BOS,FALSE,FALSE,FALSE,286.6
DFW,BOS,FALSE,FALSE,FALSE,286.6
DFW,BOS,FALSE,FALSE,TRUE,307.6
DFW,BOS,FALSE,FALSE,TRUE,307.6
DFW,BOS,FALSE,FALSE,FALSE,317.58
DFW,BOS,FALSE,FALSE,FALSE,337.6
DFW,BOS,FALSE,FALSE,FALSE,337.6
DFW,BOS,FALSE,FALSE,FALSE,341.7
DFW,BOS,FALSE,FALSE,TRUE,367.6
DFW,BOS,FALSE,FALSE,TRUE,367.6
DFW,BOS,FALSE,FALSE,FALSE,428.6
DFW,BOS,FALSE,FALSE,FALSE,457.6
DFW,BOS,FALSE,FALSE,FALSE,579.61
DFW,BOS,FALSE,FALSE,FALSE,627.6
DFW,CLT,FALSE,FALSE,TRUE,244.6
DFW,CLT,FALSE,FALSE,FALSE,253.6
DFW,CLT,FALSE,FALSE,FALSE,253.6
DFW,CLT,FALSE,FALSE,FALSE,253.6
DFW,CLT,FALSE,FALSE,FALSE,253.6
DFW,CLT,FALSE,FALSE,FALSE,253.6
DFW,CLT,FALSE,FALSE,FALSE,253.6
DFW,CLT,FALSE,FALSE,FALSE,253.6
DFW,CLT,FALSE,FALSE,FALSE,253.6
DFW,CLT,FALSE,FALSE,FALSE,253.6
DFW,CLT,FALSE,FALSE,FALSE,278.6
DFW,CLT,FALSE,FALSE,FALSE,278.6
DFW,CLT,FALSE,FALSE,FALSE,278.6
DFW,CLT,FALSE,FALSE,FALSE,303.61
DFW,CLT,FALSE,FALSE,FALSE,351.6
DFW,CLT,FALSE,FALSE,FALSE,392.58
DFW,CLT,FALSE,FALSE,FALSE,392.58
DFW,CLT,FALSE,FALSE,FALSE,392.58
DFW,CLT,FALSE,FALSE,FALSE,392.58
DFW,CLT,FALSE,FALSE,FALSE,398.6
DFW,CLT,FALSE,FALSE,TRUE,405.6
DFW,CLT,FALSE,FALSE,FALSE,436.6
DFW,CLT,FALSE,FALSE,FALSE,436.6
DFW,CLT,FALSE,FALSE,FALSE,478.61
DFW,CLT,FALSE,FALSE,FALSE,478.61
DFW,CLT,FALSE,FALSE,FALSE,478.61
DFW,CLT,FALSE,FALSE,TRUE,487.6
DFW,CLT,FALSE,FALSE,FALSE,578.6
DFW,CLT,FALSE,FALSE,FALSE,599.61
DFW,CLT,FALSE,FALSE,FALSE,600.4
DFW,CLT,FALSE,FALSE,TRUE,620.6
DFW,CLT,FALSE,FALSE,FALSE,657.2
DFW,CLT,FALSE,FALSE,FALSE,668.6
DFW,CLT,FALSE,FALSE,FALSE,668.6
DFW,CLT,FALSE,FALSE,FALSE,668.6
DFW,CLT,FALSE,FALSE,FALSE,668.6
DFW,CLT,FALSE,FALSE,FALSE,668.6
DFW,CLT,FALSE,FALSE,FALSE,668.6
DFW,CLT,FALSE,FALSE,FALSE,788.54
DFW,CLT,FALSE,FALSE,TRUE,810.61
DFW,CLT,FALSE,FALSE,TRUE,810.61
DFW,CLT,FALSE,FALSE,FALSE,1448.6
DFW,CLT,FALSE,FALSE,TRUE,1810.6
DFW,DEN,FALSE,FALSE,FALSE,164.39
DFW,DEN,FALSE,FALSE,TRUE,192.99
DFW,DEN,FALSE,FALSE,TRUE,202.6
DFW,DEN,FALSE,FALSE,TRUE,202.6
DFW,DEN,FALSE,FALSE,TRUE,202.6
DFW,DEN,FALSE,FALSE,TRUE,202.6
DFW,DEN,FALSE,FALSE,TRUE,202.6
DFW,DEN,FALSE,FALSE,TRUE,202.6
DFW,DEN,FALSE,FALSE,TRUE,202.6
DFW,DEN,FALSE,FALSE,TRUE,202.6
DFW,DEN,FALSE,FALSE,TRUE,202.6
DFW,DEN,FALSE,FALSE,FALSE,211.6
DFW,DEN,FALSE,FALSE,FALSE,211.6
DFW,DEN,FALSE,FALSE,FALSE,211.6
DFW,DEN,FALSE,FALSE,FALSE,211.6
DFW,DEN,FALSE,FALSE,FALSE,211.6
DFW,DEN,FALSE,FALSE,FALSE,211.6
DFW,DEN,TRUE,FALSE,FALSE,211.6
DFW,DEN,FALSE,FALSE,FALSE,211.6
DFW,DEN,FALSE,FALSE,FALSE,211.6
DFW,DEN,FALSE,FALSE,FALSE,211.6
DFW,DEN,FALSE,FALSE,FALSE,211.6
DFW,DEN,FALSE,FALSE,FALSE,211.6
DFW,DEN,FALSE,FALSE,FALSE,211.6
DFW,DEN,FALSE,FALSE,FALSE,211.6
DFW,DEN,FALSE,FALSE,TRUE,248.6
DFW,DEN,FALSE,FALSE,TRUE,248.6
DFW,DEN,FALSE,FALSE,TRUE,253.98
DFW,DEN,FALSE,FALSE,FALSE,257.6
DFW,DEN,FALSE,TRUE,FALSE,282.39
DFW,DEN,FALSE,FALSE,FALSE,289.6
DFW,DEN,FALSE,FALSE,FALSE,289.6
DFW,DEN,FALSE,FALSE,FALSE,344.6
DFW,DEN,FALSE,FALSE,FALSE,528.6
DFW,DEN,FALSE,FALSE,FALSE,528.6
DFW,DEN,FALSE,FALSE,FALSE,528.6
DFW,DEN,FALSE,FALSE,FALSE,1687.6
DFW,DEN,FALSE,FALSE,FALSE,1687.6
DFW,DEN,FALSE,FALSE,FALSE,1804.6
DFW,DEN,FALSE,FALSE,FALSE,1804.6
DFW,DTW,FALSE,FALSE,FALSE,238.58
DFW,DTW,FALSE,FALSE,FALSE,238.58
DFW,DTW,FALSE,FALSE,FALSE,305.61
DFW,DTW,FALSE,FALSE,FALSE,305.61
DFW,DTW,FALSE,FALSE,FALSE,305.61
DFW,DTW,FALSE,FALSE,FALSE,305.61
DFW,DTW,FALSE,FALSE,FALSE,305.61
DFW,DTW,FALSE,FALSE,FALSE,305.61
DFW,DTW,FALSE,FALSE,FALSE,318.58
DFW,DTW,FALSE,FALSE,TRUE,324.6
DFW,DTW,FALSE,FALSE,TRUE,324.6
DFW,DTW,FALSE,FALSE,TRUE,324.6
DFW,DTW,FALSE,FALSE,TRUE,324.6
DFW,DTW,FALSE,FALSE,TRUE,324.6
DFW,DTW,FALSE,FALSE,TRUE,324.6
DFW,DTW,FALSE,FALSE,TRUE,324.6
DFW,DTW,FALSE,FALSE,FALSE,333.6
DFW,DTW,FALSE,FALSE,FALSE,333.6
DFW,DTW,FALSE,FALSE,FALSE,333.6
DFW,DTW,FALSE,FALSE,FALSE,333.6
DFW,DTW,FALSE,FALSE,FALSE,338.6
DFW,DTW,FALSE,FALSE,TRUE,374.6
DFW,DTW,FALSE,FALSE,TRUE,374.6
DFW,DTW,FALSE,FALSE,FALSE,378.58
DFW,DTW,FALSE,FALSE,FALSE,378.58
DFW,DTW,FALSE,FALSE,FALSE,378.58
DFW,DTW,FALSE,FALSE,FALSE,388.6
DFW,DTW,FALSE,FALSE,FALSE,417.6
DFW,DTW,FALSE,FALSE,FALSE,417.6
DFW,EWR,FALSE,FALSE,FALSE,192.6
DFW,EWR,FALSE,FALSE,TRUE,235.6
DFW,EWR,FALSE,FALSE,TRUE,235.6
DFW,EWR,FALSE,FALSE,TRUE,235.6
DFW,EWR,FALSE,FALSE,TRUE,235.6
DFW,EWR,FALSE,FALSE,TRUE,235.6
DFW,EWR,FALSE,FALSE,TRUE,235.6
DFW,EWR,FALSE,FALSE,TRUE,235.6
DFW,EWR,FALSE,FALSE,TRUE,235.6
DFW,EWR,FALSE,FALSE,TRUE,235.6
DFW,EWR,FALSE,FALSE,TRUE,235.6
DFW,EWR,FALSE,FALSE,FALSE,268.6
DFW,EWR,FALSE,FALSE,TRUE,298.6
DFW,EWR,FALSE,FALSE,TRUE,298.6
DFW,EWR,FALSE,FALSE,TRUE,298.6
DFW,EWR,FALSE,FALSE,FALSE,307.6
DFW,EWR,FALSE,FALSE,FALSE,307.6
DFW,EWR,FALSE,FALSE,FALSE,418.6
DFW,EWR,FALSE,FALSE,FALSE,418.6
DFW,EWR,FALSE,FALSE,FALSE,418.6
DFW,EWR,FALSE,FALSE,FALSE,418.6
DFW,EWR,FALSE,FALSE,FALSE,418.6
DFW,EWR,FALSE,FALSE,FALSE,418.6
DFW,EWR,FALSE,FALSE,FALSE,418.6
DFW,EWR,FALSE,FALSE,FALSE,418.6
DFW,EWR,FALSE,FALSE,FALSE,418.6
DFW,EWR,FALSE,FALSE,FALSE,508.6
DFW,EWR,FALSE,FALSE,FALSE,508.6
DFW,EWR,FALSE,FALSE,FALSE,678.6
DFW,IAD,FALSE,FALSE,TRUE,348.6
DFW,IAD,FALSE,FALSE,FALSE,457.1
DFW,IAD,FALSE,FALSE,FALSE,457.1
DFW,IAD,FALSE,FALSE,FALSE,457.1
DFW,IAD,FALSE,FALSE,FALSE,481.21
DFW,IAD,FALSE,FALSE,FALSE,487.6
DFW,IAD,FALSE,FALSE,FALSE,537.6
DFW,IAD,FALSE,FALSE,FALSE,539.1
DFW,IAD,FALSE,FALSE,FALSE,539.1
DFW,IAD,FALSE,FALSE,FALSE,539.1
DFW,IAD,FALSE,FALSE,FALSE,543.2
DFW,IAD,FALSE,FALSE,FALSE,552.2
DFW,IAD,FALSE,FALSE,TRUE,568.6
DFW,IAD,FALSE,FALSE,FALSE,605.3
DFW,IAD,FALSE,FALSE,FALSE,611.6
DFW,IAD,FALSE,FALSE,FALSE,623.2
DFW,IAD,FALSE,FALSE,FALSE,658.6
DFW,IAD,FALSE,FALSE,FALSE,658.6
DFW,IAD,FALSE,FALSE,FALSE,658.6
DFW,IAD,FALSE,FALSE,FALSE,699.7
DFW,IAD,FALSE,FALSE,FALSE,706.1
DFW,IAD,FALSE,FALSE,FALSE,706.1
DFW,IAD,FALSE,FALSE,FALSE,707.6
DFW,IAD,FALSE,FALSE,FALSE,707.6
DFW,IAD,FALSE,FALSE,FALSE,711.6
DFW,IAD,FALSE,FALSE,FALSE,711.6
DFW,IAD,FALSE,FALSE,FALSE,717.2
DFW,IAD,FALSE,FALSE,FALSE,997.2
DFW,IAD,FALSE,FALSE,TRUE,2008.6
DFW,IAD,FALSE,FALSE,TRUE,2008.6
DFW,JFK,FALSE,FALSE,TRUE,183.6
DFW,JFK,FALSE,FALSE,TRUE,183.6
DFW,JFK,FALSE,FALSE,TRUE,183.6
DFW,JFK,FALSE,FALSE,TRUE,183.6
DFW,JFK,FALSE,FALSE,TRUE,208.61
DFW,JFK,FALSE,FALSE,TRUE,233.6
DFW,JFK,FALSE,FALSE,TRUE,258.6
DFW,JFK,FALSE,FALSE,TRUE,258.6
DFW,JFK,FALSE,FALSE,TRUE,258.6
DFW,JFK,FALSE,FALSE,TRUE,258.6
DFW,JFK,FALSE,FALSE,FALSE,440.6
DFW,JFK,FALSE,FALSE,FALSE,527.19
DFW,JFK,FALSE,FALSE,FALSE,561.6
DFW,JFK,FALSE,FALSE,FALSE,636.6
DFW,JFK,FALSE,FALSE,FALSE,637.2
DFW,JFK,FALSE,FALSE,FALSE,711.6
DFW,JFK,FALSE,FALSE,FALSE,711.6
DFW,LAX,FALSE,FALSE,FALSE,264.09
DFW,LAX,FALSE,FALSE,TRUE,296.61
DFW,LAX,FALSE,FALSE,TRUE,296.61
DFW,LAX,FALSE,FALSE,TRUE,296.61
DFW,LAX,FALSE,FALSE,TRUE,296.61
DFW,LAX,FALSE,FALSE,TRUE,296.61
DFW,LAX,FALSE,FALSE,TRUE,296.61
DFW,LAX,FALSE,FALSE,TRUE,296.61
DFW,LAX,FALSE,FALSE,TRUE,296.61
DFW,LAX,FALSE,FALSE,FALSE,305.61
DFW,LAX,FALSE,FALSE,FALSE,305.61
DFW,LAX,FALSE,FALSE,FALSE,305.61
DFW,LAX,FALSE,FALSE,FALSE,305.61
DFW,LAX,FALSE,FALSE,FALSE,305.61
DFW,LAX,FALSE,FALSE,FALSE,305.61
DFW,LAX,FALSE,FALSE,TRUE,308.6
DFW,LAX,FALSE,FALSE,TRUE,308.6
DFW,LAX,FALSE,FALSE,TRUE,308.6
DFW,LAX,FALSE,FALSE,TRUE,308.6
DFW,LAX,FALSE,FALSE,FALSE,317.6
DFW,LAX,FALSE,FALSE,FALSE,317.6
DFW,LAX,FALSE,FALSE,FALSE,317.6
DFW,LAX,FALSE,FALSE,FALSE,317.6
DFW,LAX,FALSE,FALSE,FALSE,317.6
DFW,LAX,FALSE,FALSE,FALSE,317.6
DFW,LAX,FALSE,FALSE,FALSE,317.6
DFW,LAX,FALSE,FALSE,FALSE,317.6
DFW,LAX,FALSE,FALSE,FALSE,317.6
DFW,LAX,FALSE,FALSE,FALSE,317.6
DFW,LAX,FALSE,FALSE,TRUE,324.59
DFW,LAX,FALSE,FALSE,TRUE,324.59
DFW,LAX,FALSE,FALSE,TRUE,342.6
DFW,LAX,FALSE,FALSE,TRUE,342.6
DFW,LAX,FALSE,FALSE,TRUE,342.6
DFW,LAX,FALSE,FALSE,TRUE,342.6
DFW,LAX,FALSE,FALSE,TRUE,358.6
DFW,LAX,FALSE,FALSE,FALSE,358.6
DFW,LAX,FALSE,FALSE,FALSE,358.6
DFW,LAX,FALSE,FALSE,FALSE,375.58
DFW,LAX,FALSE,FALSE,TRUE,398.6
DFW,LAX,FALSE,FALSE,FALSE,401.6
DFW,LAX,FALSE,FALSE,FALSE,408.6
DFW,LAX,FALSE,FALSE,FALSE,418.6
DFW,LAX,FALSE,FALSE,TRUE,421.6
DFW,LAX,FALSE,FALSE,FALSE,481.59
DFW,LAX,FALSE,FALSE,FALSE,481.59
DFW,LAX,FALSE,FALSE,FALSE,594.01
DFW,LAX,FALSE,FALSE,FALSE,1572.6
DFW,LAX,FALSE,FALSE,FALSE,1572.6
DFW,LGA,FALSE,FALSE,TRUE,183.6
DFW,LGA,FALSE,FALSE,TRUE,183.6
DFW,LGA,FALSE,FALSE,TRUE,183.6
DFW,LGA,FALSE,FALSE,TRUE,183.6
DFW,LGA,FALSE,FALSE,TRUE,183.6
DFW,LGA,FALSE,FALSE,TRUE,183.6
DFW,LGA,FALSE,FALSE,TRUE,183.6
DFW,LGA,FALSE,FALSE,TRUE,183.6
DFW,LGA,FALSE,FALSE,TRUE,183.6
DFW,LGA,FALSE,FALSE,TRUE,183.6
DFW,LGA,FALSE,FALSE,TRUE,183.6
DFW,LGA,FALSE,FALSE,TRUE,183.6
DFW,LGA,FALSE,FALSE,TRUE,183.6
DFW,LGA,FALSE,FALSE,TRUE,183.6
DFW,LGA,FALSE,FALSE,TRUE,183.6
DFW,LGA,FALSE,FALSE,TRUE,183.6
DFW,LGA,FALSE,FALSE,TRUE,183.6
DFW,LGA,FALSE,FALSE,TRUE,183.6
DFW,LGA,FALSE,FALSE,TRUE,183.6
DFW,LGA,FALSE,FALSE,TRUE,183.6
DFW,LGA,FALSE,FALSE,TRUE,183.6
DFW,LGA,FALSE,FALSE,TRUE,183.6
DFW,LGA,FALSE,FALSE,TRUE,183.6
DFW,LGA,FALSE,FALSE,TRUE,183.6
DFW,LGA,FALSE,FALSE,FALSE,192.6
DFW,LGA,FALSE,FALSE,FALSE,192.6
DFW,LGA,FALSE,FALSE,FALSE,192.6
DFW,LGA,FALSE,FALSE,FALSE,192.6
DFW,LGA,FALSE,FALSE,FALSE,192.6
DFW,LGA,FALSE,FALSE,FALSE,192.6
DFW,LGA,FALSE,FALSE,FALSE,192.6
DFW,LGA,FALSE,FALSE,TRUE,208.61
DFW,LGA,FALSE,FALSE,TRUE,208.61
DFW,LGA,FALSE,FALSE,TRUE,258.6
DFW,LGA,FALSE,FALSE,TRUE,258.6
DFW,LGA,FALSE,FALSE,FALSE,267.6
DFW,LGA,FALSE,FALSE,FALSE,267.6
DFW,LGA,FALSE,FALSE,FALSE,267.6
DFW,LGA,FALSE,FALSE,FALSE,268.58
DFW,LGA,FALSE,FALSE,FALSE,268.58
DFW,LGA,FALSE,FALSE,FALSE,268.58
DFW,LGA,FALSE,FALSE,FALSE,268.58
DFW,LGA,FALSE,FALSE,FALSE,317.6
DFW,LGA,FALSE,FALSE,FALSE,317.6
DFW,LGA,FALSE,FALSE,FALSE,357.6
DFW,LGA,FALSE,FALSE,FALSE,357.6
DFW,LGA,FALSE,FALSE,FALSE,357.6
DFW,LGA,FALSE,FALSE,FALSE,357.6
DFW,LGA,FALSE,FALSE,FALSE,417.6
DFW,LGA,FALSE,FALSE,FALSE,417.6
DFW,LGA,FALSE,FALSE,TRUE,438.6
DFW,LGA,FALSE,FALSE,TRUE,438.6
DFW,LGA,FALSE,FALSE,FALSE,447.6
DFW,MIA,FALSE,FALSE,FALSE,284.58
DFW,MIA,FALSE,FALSE,FALSE,284.58
DFW,MIA,FALSE,FALSE,FALSE,291.2
DFW,MIA,FALSE,FALSE,TRUE,296.61
DFW,MIA,FALSE,FALSE,TRUE,296.61
DFW,MIA,FALSE,FALSE,TRUE,296.61
DFW,MIA,FALSE,FALSE,TRUE,296.61
DFW,MIA,FALSE,FALSE,TRUE,296.61
DFW,MIA,FALSE,FALSE,TRUE,296.61
DFW,MIA,FALSE,FALSE,FALSE,305.61
DFW,MIA,FALSE,FALSE,FALSE,305.61
DFW,MIA,FALSE,FALSE,FALSE,305.61
DFW,MIA,FALSE,FALSE,FALSE,305.61
DFW,MIA,FALSE,FALSE,FALSE,305.61
DFW,MIA,FALSE,FALSE,FALSE,305.61
DFW,MIA,FALSE,FALSE,FALSE,305.61
DFW,MIA,FALSE,FALSE,FALSE,305.61
DFW,MIA,FALSE,FALSE,FALSE,305.61
DFW,MIA,FALSE,FALSE,FALSE,305.61
DFW,MIA,FALSE,FALSE,FALSE,305.61
DFW,MIA,FALSE,FALSE,FALSE,305.61
DFW,MIA,FALSE,FALSE,FALSE,305.61
DFW,MIA,FALSE,FALSE,FALSE,305.61
DFW,MIA,FALSE,FALSE,FALSE,305.61
DFW,MIA,FALSE,FALSE,FALSE,305.61
DFW,MIA,FALSE,FALSE,FALSE,305.61
DFW,MIA,FALSE,FALSE,FALSE,305.61
DFW,MIA,FALSE,FALSE,FALSE,314.58
DFW,MIA,FALSE,FALSE,FALSE,401.6
DFW,MIA,FALSE,FALSE,FALSE,408.6
DFW,MIA,FALSE,FALSE,TRUE,449.6
DFW,MIA,FALSE,FALSE,FALSE,478.61
DFW,MIA,FALSE,FALSE,FALSE,478.61
DFW,MIA,FALSE,FALSE,FALSE,478.61
DFW,MIA,FALSE,FALSE,FALSE,668.6
DFW,MIA,FALSE,FALSE,FALSE,668.6
DFW,MIA,FALSE,FALSE,FALSE,668.6
DFW,MIA,FALSE,FALSE,FALSE,668.6
DFW,MIA,FALSE,FALSE,FALSE,668.6
DFW,MIA,FALSE,FALSE,FALSE,668.6
DFW,MIA,FALSE,FALSE,FALSE,668.6
DFW,MIA,FALSE,FALSE,FALSE,668.6
DFW,MIA,FALSE,FALSE,TRUE,1064.6
DFW,MIA,FALSE,FALSE,TRUE,1064.6
DFW,MIA,FALSE,FALSE,TRUE,1971.61
DFW,OAK,FALSE,FALSE,FALSE,348.61
DFW,OAK,FALSE,FALSE,FALSE,392.58
DFW,OAK,FALSE,FALSE,FALSE,579.61
DFW,OAK,FALSE,FALSE,FALSE,619.61
DFW,OAK,FALSE,FALSE,FALSE,652.7
DFW,OAK,FALSE,FALSE,FALSE,687.1
DFW,OAK,FALSE,FALSE,FALSE,687.1
DFW,OAK,FALSE,FALSE,FALSE,688.6
DFW,OAK,FALSE,FALSE,FALSE,688.6
DFW,OAK,FALSE,FALSE,FALSE,703.19
DFW,OAK,FALSE,FALSE,FALSE,787.09
DFW,OAK,FALSE,FALSE,FALSE,787.09
DFW,OAK,FALSE,FALSE,FALSE,787.09
DFW,OAK,FALSE,FALSE,FALSE,792.69
DFW,OAK,FALSE,FALSE,FALSE,810.09
DFW,OAK,FALSE,FALSE,FALSE,810.09
DFW,ORD,FALSE,FALSE,TRUE,244.6
DFW,ORD,FALSE,FALSE,FALSE,253.6
DFW,ORD,FALSE,FALSE,FALSE,253.6
DFW,ORD,FALSE,FALSE,FALSE,253.6
DFW,ORD,FALSE,FALSE,FALSE,253.6
DFW,ORD,FALSE,FALSE,FALSE,253.6
DFW,ORD,FALSE,FALSE,FALSE,253.6
DFW,ORD,FALSE,FALSE,TRUE,318.6
DFW,ORD,FALSE,FALSE,FALSE,346.58
DFW,ORD,FALSE,FALSE,FALSE,346.58
DFW,ORD,FALSE,FALSE,FALSE,351.6
DFW,ORD,FALSE,FALSE,FALSE,380.2
DFW,ORD,FALSE,FALSE,TRUE,388.6
DFW,ORD,FALSE,FALSE,FALSE,407.2
DFW,ORD,FALSE,FALSE,FALSE,426.2
DFW,ORD,FALSE,FALSE,FALSE,458.6
DFW,ORD,FALSE,FALSE,FALSE,458.6
DFW,ORD,FALSE,FALSE,FALSE,458.6
DFW,ORD,FALSE,FALSE,TRUE,468.61
DFW,ORD,FALSE,FALSE,TRUE,468.61
DFW,ORD,FALSE,FALSE,TRUE,468.61
DFW,ORD,FALSE,FALSE,TRUE,468.61
DFW,ORD,FALSE,FALSE,TRUE,568.6
DFW,ORD,FALSE,FALSE,TRUE,568.6
DFW,ORD,FALSE,FALSE,TRUE,568.6
DFW,ORD,FALSE,FALSE,FALSE,574.54
DFW,ORD,FALSE,FALSE,FALSE,638.6
DFW,ORD,FALSE,FALSE,FALSE,638.6
DFW,ORD,FALSE,FALSE,FALSE,638.6
DFW,ORD,FALSE,FALSE,TRUE,798.6
DFW,ORD,FALSE,FALSE,TRUE,1849.6
DFW,ORD,FALSE,FALSE,TRUE,1849.6
DFW,ORD,FALSE,FALSE,TRUE,1849.6
DFW,PHL,FALSE,FALSE,FALSE,305.61
DFW,PHL,FALSE,FALSE,FALSE,305.61
DFW,PHL,FALSE,FALSE,FALSE,305.61
DFW,PHL,FALSE,FALSE,FALSE,305.61
DFW,PHL,FALSE,FALSE,FALSE,305.61
DFW,PHL,FALSE,FALSE,FALSE,305.61
DFW,PHL,FALSE,FALSE,FALSE,305.61
DFW,PHL,FALSE,FALSE,FALSE,305.61
DFW,PHL,FALSE,FALSE,FALSE,351.6
DFW,PHL,FALSE,FALSE,FALSE,358.6
DFW,PHL,FALSE,FALSE,TRUE,368.6
DFW,PHL,FALSE,FALSE,TRUE,368.6
DFW,PHL,FALSE,FALSE,TRUE,368.6
DFW,PHL,FALSE,FALSE,TRUE,468.61
DFW,PHL,FALSE,FALSE,FALSE,475.21
DFW,PHL,FALSE,FALSE,FALSE,477.61
DFW,PHL,FALSE,FALSE,TRUE,568.6
DFW,PHL,FALSE,FALSE,FALSE,579.61
DFW,PHL,FALSE,FALSE,FALSE,638.6
DFW,PHL,FALSE,FALSE,FALSE,638.6
DFW,PHL,FALSE,FALSE,TRUE,768.61
DFW,SFO,FALSE,FALSE,FALSE,297.6
DFW,SFO,FALSE,FALSE,FALSE,351.6
DFW,SFO,FALSE,FALSE,TRUE,358.6
DFW,SFO,FALSE,FALSE,TRUE,358.6
DFW,SFO,FALSE,FALSE,TRUE,358.6
DFW,SFO,FALSE,FALSE,FALSE,367.6
DFW,SFO,FALSE,FALSE,TRUE,408.6
DFW,SFO,FALSE,FALSE,FALSE,438.6
DFW,SFO,FALSE,FALSE,FALSE,472.6
DFW,SFO,FALSE,FALSE,FALSE,497.6
DFW,SFO,FALSE,FALSE,FALSE,497.6
DFW,SFO,FALSE,FALSE,FALSE,497.6
DFW,SFO,FALSE,FALSE,FALSE,497.6
DFW,SFO,FALSE,FALSE,FALSE,497.6
DFW,SFO,FALSE,FALSE,TRUE,563.6
DFW,SFO,FALSE,FALSE,FALSE,708.6
DFW,SFO,FALSE,FALSE,FALSE,1480.19
DFW,SFO,FALSE,FALSE,FALSE,1734.6
DFW,SFO,FALSE,FALSE,FALSE,1740.2
DTW,ATL,FALSE,FALSE,TRUE,165.59
DTW,ATL,FALSE,FALSE,TRUE,165.59
DTW,ATL,FALSE,FALSE,FALSE,210.1
DTW,ATL,FALSE,FALSE,FALSE,210.1
DTW,ATL,FALSE,FALSE,FALSE,210.1
DTW,ATL,FALSE,FALSE,FALSE,211.6
DTW,ATL,FALSE,FALSE,FALSE,211.6
DTW,ATL,FALSE,FALSE,FALSE,211.6
DTW,ATL,FALSE,FALSE,FALSE,211.6
DTW,ATL,FALSE,FALSE,FALSE,211.6
DTW,ATL,FALSE,FALSE,FALSE,211.6
DTW,ATL,FALSE,FALSE,FALSE,211.6
DTW,ATL,FALSE,FALSE,FALSE,211.6
DTW,ATL,FALSE,FALSE,FALSE,211.6
DTW,ATL,FALSE,FALSE,FALSE,211.6
DTW,ATL,FALSE,FALSE,FALSE,211.6
DTW,ATL,FALSE,FALSE,FALSE,211.6
DTW,ATL,FALSE,FALSE,FALSE,216.58
DTW,ATL,FALSE,FALSE,FALSE,258.6
DTW,ATL,FALSE,FALSE,FALSE,267.1
DTW,ATL,FALSE,FALSE,FALSE,276.58
DTW,ATL,FALSE,FALSE,FALSE,365.61
DTW,ATL,FALSE,FALSE,FALSE,371.21
DTW,ATL,FALSE,FALSE,FALSE,384.6
DTW,ATL,FALSE,FALSE,FALSE,431.61
DTW,ATL,FALSE,FALSE,FALSE,431.61
DTW,ATL,FALSE,FALSE,FALSE,431.61
DTW,ATL,FALSE,FALSE,FALSE,440.19
DTW,ATL,FALSE,FALSE,FALSE,440.19
DTW,ATL,FALSE,FALSE,FALSE,440.19
DTW,ATL,FALSE,FALSE,FALSE,461.2
DTW,ATL,FALSE,FALSE,FALSE,461.2
DTW,ATL,FALSE,FALSE,FALSE,461.2
DTW,ATL,FALSE,FALSE,FALSE,491.59
DTW,ATL,FALSE,FALSE,FALSE,491.59
DTW,ATL,FALSE,FALSE,FALSE,497.19
DTW,ATL,FALSE,FALSE,TRUE,498.6
DTW,ATL,FALSE,FALSE,TRUE,498.6
DTW,ATL,FALSE,FALSE,TRUE,498.6
DTW,ATL,FALSE,FALSE,TRUE,498.6
DTW,ATL,FALSE,FALSE,TRUE,498.6
DTW,ATL,FALSE,FALSE,TRUE,498.6
DTW,ATL,FALSE,FALSE,TRUE,498.6
DTW,ATL,FALSE,FALSE,TRUE,498.6
DTW,ATL,FALSE,FALSE,TRUE,498.6
DTW,ATL,FALSE,FALSE,FALSE,511.6
DTW,ATL,FALSE,FALSE,FALSE,521.59
DTW,ATL,FALSE,FALSE,FALSE,521.59
DTW,ATL,FALSE,FALSE,FALSE,521.61
DTW,ATL,FALSE,FALSE,FALSE,521.61
DTW,ATL,FALSE,FALSE,FALSE,526.59
DTW,ATL,FALSE,FALSE,FALSE,541.6
DTW,ATL,FALSE,FALSE,FALSE,541.6
DTW,ATL,FALSE,FALSE,FALSE,561.61
DTW,ATL,FALSE,FALSE,FALSE,561.61
DTW,ATL,FALSE,FALSE,FALSE,561.61
DTW,ATL,FALSE,FALSE,FALSE,571.59
DTW,ATL,FALSE,FALSE,FALSE,571.59
DTW,ATL,FALSE,FALSE,FALSE,571.59
DTW,ATL,FALSE,FALSE,FALSE,591.61
DTW,ATL,FALSE,FALSE,FALSE,601.2
DTW,ATL,FALSE,FALSE,FALSE,611.6
DTW,ATL,FALSE,FALSE,FALSE,640.2
DTW,ATL,FALSE,FALSE,FALSE,649.61
DTW,ATL,FALSE,FALSE,FALSE,649.61
DTW,ATL,FALSE,FALSE,FALSE,671.6
DTW,ATL,FALSE,FALSE,FALSE,671.6
DTW,ATL,FALSE,FALSE,FALSE,690.54
DTW,ATL,FALSE,FALSE,FALSE,690.54
DTW,ATL,FALSE,FALSE,FALSE,771.6
DTW,ATL,FALSE,FALSE,FALSE,791.6
DTW,ATL,FALSE,FALSE,FALSE,791.6
DTW,ATL,FALSE,FALSE,FALSE,791.6
DTW,ATL,FALSE,FALSE,FALSE,797.2
DTW,ATL,FALSE,FALSE,FALSE,797.2
DTW,ATL,FALSE,FALSE,FALSE,797.2
DTW,ATL,FALSE,FALSE,FALSE,891.6
DTW,ATL,FALSE,FALSE,FALSE,1604.6
DTW,BOS,FALSE,FALSE,FALSE,132.61
DTW,BOS,TRUE,FALSE,TRUE,148.6
DTW,BOS,FALSE,FALSE,FALSE,156.1
DTW,BOS,FALSE,FALSE,FALSE,156.1
DTW,BOS,FALSE,FALSE,FALSE,156.1
DTW,BOS,FALSE,FALSE,FALSE,156.1
DTW,BOS,FALSE,FALSE,FALSE,156.1
DTW,BOS,FALSE,FALSE,FALSE,156.1
DTW,BOS,FALSE,FALSE,FALSE,157.6
DTW,BOS,FALSE,FALSE,FALSE,157.6
DTW,BOS,FALSE,FALSE,FALSE,157.6
DTW,BOS,FALSE,FALSE,FALSE,157.6
DTW,BOS,FALSE,FALSE,FALSE,157.6
DTW,BOS,FALSE,FALSE,FALSE,157.6
DTW,BOS,FALSE,FALSE,FALSE,157.6
DTW,BOS,FALSE,FALSE,FALSE,157.6
DTW,BOS,FALSE,FALSE,FALSE,157.6
DTW,BOS,FALSE,FALSE,FALSE,157.6
DTW,BOS,FALSE,FALSE,FALSE,157.6
DTW,BOS,FALSE,FALSE,TRUE,168.61
DTW,BOS,FALSE,FALSE,TRUE,168.61
DTW,BOS,FALSE,FALSE,TRUE,168.61
DTW,BOS,FALSE,FALSE,FALSE,177.61
DTW,BOS,FALSE,FALSE,FALSE,177.61
DTW,BOS,FALSE,FALSE,FALSE,177.61
DTW,BOS,FALSE,FALSE,FALSE,177.61
DTW,BOS,FALSE,FALSE,FALSE,177.61
DTW,BOS,FALSE,FALSE,FALSE,177.61
DTW,BOS,FALSE,FALSE,TRUE,193.6
DTW,BOS,FALSE,FALSE,FALSE,211.6
DTW,BOS,FALSE,FALSE,FALSE,211.6
DTW,BOS,FALSE,FALSE,TRUE,228.6
DTW,BOS,FALSE,FALSE,TRUE,248.6
DTW,BOS,FALSE,FALSE,FALSE,320.58
DTW,BOS,FALSE,FALSE,FALSE,320.58
DTW,BOS,FALSE,FALSE,FALSE,320.58
DTW,CLT,FALSE,FALSE,FALSE,190.6
DTW,CLT,FALSE,FALSE,FALSE,190.6
DTW,CLT,FALSE,FALSE,FALSE,190.6
DTW,CLT,FALSE,FALSE,FALSE,190.6
DTW,CLT,FALSE,FALSE,FALSE,190.6
DTW,CLT,FALSE,FALSE,FALSE,190.6
DTW,CLT,FALSE,FALSE,FALSE,190.6
DTW,CLT,FALSE,FALSE,FALSE,190.6
DTW,CLT,FALSE,FALSE,FALSE,190.6
DTW,CLT,FALSE,FALSE,FALSE,190.6
DTW,CLT,FALSE,FALSE,FALSE,238.6
DTW,CLT,FALSE,FALSE,FALSE,238.6
DTW,CLT,FALSE,FALSE,FALSE,349.58
DTW,CLT,FALSE,FALSE,FALSE,349.58
DTW,CLT,FALSE,FALSE,FALSE,349.58
DTW,CLT,FALSE,FALSE,FALSE,349.58
DTW,CLT,FALSE,FALSE,FALSE,378.6
DTW,CLT,FALSE,FALSE,FALSE,402.6
DTW,CLT,FALSE,FALSE,FALSE,402.6
DTW,CLT,FALSE,FALSE,TRUE,448.6
DTW,CLT,FALSE,FALSE,TRUE,448.6
DTW,CLT,FALSE,FALSE,TRUE,448.6
DTW,CLT,FALSE,FALSE,TRUE,448.6
DTW,CLT,FALSE,FALSE,TRUE,448.6
DTW,CLT,FALSE,FALSE,TRUE,448.6
DTW,CLT,FALSE,FALSE,TRUE,448.6
DTW,CLT,FALSE,FALSE,TRUE,448.6
DTW,CLT,FALSE,FALSE,FALSE,457.6
DTW,CLT,FALSE,FALSE,FALSE,457.6
DTW,CLT,FALSE,FALSE,FALSE,457.6
DTW,CLT,FALSE,FALSE,FALSE,457.6
DTW,CLT,FALSE,FALSE,FALSE,457.6
DTW,CLT,FALSE,FALSE,FALSE,457.6
DTW,CLT,FALSE,FALSE,FALSE,457.6
DTW,CLT,FALSE,FALSE,FALSE,457.6
DTW,CLT,FALSE,FALSE,FALSE,457.6
DTW,CLT,FALSE,FALSE,FALSE,457.6
DTW,CLT,FALSE,FALSE,FALSE,457.6
DTW,CLT,FALSE,FALSE,FALSE,457.6
DTW,CLT,FALSE,FALSE,FALSE,457.6
DTW,CLT,FALSE,FALSE,FALSE,457.6
DTW,CLT,FALSE,FALSE,FALSE,457.6
DTW,CLT,FALSE,FALSE,FALSE,457.6
DTW,CLT,FALSE,FALSE,FALSE,457.6
DTW,CLT,FALSE,FALSE,FALSE,539.1
DTW,CLT,FALSE,FALSE,FALSE,542.7
DTW,CLT,FALSE,FALSE,FALSE,545.7
DTW,CLT,FALSE,FALSE,FALSE,607.61
DTW,CLT,FALSE,FALSE,FALSE,647.2
DTW,DEN,FALSE,FALSE,FALSE,200.58
DTW,DEN,FALSE,FALSE,TRUE,296.61
DTW,DEN,FALSE,FALSE,TRUE,296.61
DTW,DEN,FALSE,FALSE,TRUE,296.61
DTW,DEN,FALSE,FALSE,TRUE,296.61
DTW,DEN,FALSE,FALSE,TRUE,296.61
DTW,DEN,FALSE,FALSE,TRUE,296.61
DTW,DEN,FALSE,FALSE,FALSE,304.11
DTW,DEN,FALSE,FALSE,FALSE,304.11
DTW,DEN,FALSE,FALSE,FALSE,304.11
DTW,DEN,FALSE,FALSE,FALSE,304.11
DTW,DEN,FALSE,FALSE,FALSE,304.11
DTW,DEN,FALSE,FALSE,FALSE,305.61
DTW,DEN,FALSE,FALSE,FALSE,305.61
DTW,DEN,FALSE,FALSE,FALSE,305.61
DTW,DEN,FALSE,FALSE,FALSE,305.61
DTW,DEN,FALSE,FALSE,FALSE,305.61
DTW,DEN,FALSE,FALSE,FALSE,305.61
DTW,DEN,FALSE,FALSE,FALSE,305.61
DTW,DEN,FALSE,FALSE,FALSE,305.61
DTW,DEN,FALSE,FALSE,FALSE,305.61
DTW,DEN,FALSE,FALSE,FALSE,305.61
DTW,DEN,FALSE,FALSE,FALSE,305.61
DTW,DEN,FALSE,FALSE,FALSE,305.61
DTW,DEN,FALSE,FALSE,FALSE,305.61
DTW,DEN,FALSE,FALSE,FALSE,305.61
DTW,DEN,FALSE,FALSE,FALSE,305.61
DTW,DEN,FALSE,FALSE,FALSE,305.61
DTW,DEN,FALSE,FALSE,FALSE,305.61
DTW,DEN,FALSE,FALSE,FALSE,305.61
DTW,DEN,FALSE,FALSE,FALSE,305.61
DTW,DEN,FALSE,FALSE,FALSE,305.61
DTW,DEN,FALSE,FALSE,FALSE,305.61
DTW,DEN,FALSE,FALSE,FALSE,305.61
DTW,DEN,FALSE,FALSE,FALSE,305.61
DTW,DEN,FALSE,FALSE,FALSE,305.61
DTW,DEN,FALSE,FALSE,FALSE,305.61
DTW,DEN,FALSE,FALSE,FALSE,305.61
DTW,DEN,FALSE,FALSE,FALSE,305.61
DTW,DEN,FALSE,FALSE,FALSE,305.61
DTW,DEN,FALSE,FALSE,FALSE,305.61
DTW,DEN,FALSE,FALSE,FALSE,305.61
DTW,DEN,FALSE,FALSE,FALSE,305.61
DTW,DEN,FALSE,FALSE,FALSE,305.61
DTW,DEN,FALSE,FALSE,FALSE,305.61
DTW,DEN,FALSE,FALSE,FALSE,305.61
DTW,DEN,FALSE,FALSE,FALSE,305.61
DTW,DEN,FALSE,FALSE,FALSE,305.61
DTW,DEN,FALSE,FALSE,FALSE,397.6
DTW,DEN,FALSE,FALSE,FALSE,538.4
DTW,DEN,FALSE,FALSE,FALSE,538.4
DTW,DEN,FALSE,FALSE,FALSE,544
DTW,DEN,FALSE,FALSE,FALSE,544
DTW,DEN,FALSE,FALSE,FALSE,559.61
DTW,DEN,FALSE,FALSE,FALSE,599.61
DTW,DEN,FALSE,FALSE,FALSE,2220.6
DTW,DFW,FALSE,FALSE,FALSE,238.58
DTW,DFW,FALSE,FALSE,FALSE,238.58
DTW,DFW,FALSE,FALSE,FALSE,305.61
DTW,DFW,FALSE,FALSE,FALSE,305.61
DTW,DFW,FALSE,FALSE,FALSE,305.61
DTW,DFW,FALSE,FALSE,FALSE,305.61
DTW,DFW,FALSE,FALSE,FALSE,305.61
DTW,DFW,FALSE,FALSE,FALSE,305.61
DTW,DFW,FALSE,FALSE,FALSE,305.61
DTW,DFW,FALSE,FALSE,FALSE,305.61
DTW,DFW,FALSE,FALSE,FALSE,305.61
DTW,DFW,FALSE,FALSE,FALSE,305.61
DTW,DFW,FALSE,FALSE,FALSE,305.61
DTW,DFW,FALSE,FALSE,FALSE,305.61
DTW,DFW,FALSE,FALSE,FALSE,305.61
DTW,DFW,FALSE,FALSE,FALSE,305.61
DTW,DFW,FALSE,FALSE,FALSE,305.61
DTW,DFW,FALSE,FALSE,FALSE,305.61
DTW,DFW,FALSE,FALSE,FALSE,305.61
DTW,DFW,FALSE,FALSE,FALSE,305.61
DTW,DFW,FALSE,FALSE,FALSE,305.61
DTW,DFW,FALSE,FALSE,FALSE,305.61
DTW,DFW,FALSE,FALSE,FALSE,305.61
DTW,DFW,FALSE,FALSE,FALSE,318.58
DTW,DFW,FALSE,FALSE,TRUE,324.6
DTW,DFW,FALSE,FALSE,TRUE,324.6
DTW,DFW,FALSE,FALSE,TRUE,324.6
DTW,DFW,FALSE,FALSE,TRUE,324.6
DTW,DFW,FALSE,FALSE,TRUE,324.6
DTW,DFW,FALSE,FALSE,TRUE,324.6
DTW,DFW,FALSE,FALSE,TRUE,324.6
DTW,DFW,FALSE,FALSE,FALSE,333.6
DTW,DFW,FALSE,FALSE,FALSE,333.6
DTW,DFW,FALSE,FALSE,FALSE,333.6
DTW,DFW,FALSE,FALSE,FALSE,333.6
DTW,DFW,FALSE,FALSE,FALSE,333.6
DTW,DFW,FALSE,FALSE,FALSE,333.6
DTW,DFW,FALSE,FALSE,FALSE,333.6
DTW,DFW,FALSE,FALSE,FALSE,333.6
DTW,DFW,FALSE,FALSE,FALSE,333.6
DTW,DFW,FALSE,FALSE,FALSE,333.6
DTW,DFW,FALSE,FALSE,FALSE,333.6
DTW,DFW,FALSE,FALSE,FALSE,333.6
DTW,DFW,FALSE,FALSE,FALSE,333.6
DTW,DFW,FALSE,FALSE,FALSE,333.6
DTW,DFW,FALSE,FALSE,FALSE,333.6
DTW,DFW,FALSE,FALSE,FALSE,333.6
DTW,DFW,FALSE,FALSE,FALSE,333.6
DTW,DFW,FALSE,FALSE,FALSE,333.6
DTW,DFW,FALSE,FALSE,FALSE,333.6
DTW,DFW,FALSE,FALSE,FALSE,333.6
DTW,DFW,FALSE,FALSE,FALSE,333.6
DTW,DFW,FALSE,FALSE,FALSE,333.6
DTW,DFW,FALSE,FALSE,FALSE,333.6
DTW,DFW,FALSE,FALSE,TRUE,374.6
DTW,DFW,FALSE,FALSE,FALSE,383.6
DTW,DFW,FALSE,FALSE,FALSE,426.6
DTW,DFW,FALSE,FALSE,FALSE,432.2
DTW,DFW,FALSE,FALSE,TRUE,2023.6
DTW,EWR,FALSE,FALSE,TRUE,248.6
DTW,EWR,FALSE,FALSE,TRUE,248.6
DTW,EWR,FALSE,FALSE,TRUE,248.6
DTW,EWR,FALSE,FALSE,TRUE,248.6
DTW,EWR,FALSE,FALSE,TRUE,248.6
DTW,EWR,FALSE,FALSE,TRUE,248.6
DTW,EWR,FALSE,FALSE,TRUE,248.6
DTW,EWR,FALSE,FALSE,TRUE,248.6
DTW,EWR,FALSE,FALSE,TRUE,248.6
DTW,EWR,FALSE,FALSE,FALSE,256.1
DTW,EWR,FALSE,FALSE,FALSE,256.1
DTW,EWR,FALSE,FALSE,FALSE,256.1
DTW,EWR,FALSE,FALSE,FALSE,256.1
DTW,EWR,FALSE,FALSE,FALSE,257.6
DTW,EWR,FALSE,FALSE,FALSE,257.6
DTW,EWR,FALSE,FALSE,FALSE,257.6
DTW,EWR,FALSE,FALSE,FALSE,257.6
DTW,EWR,FALSE,FALSE,FALSE,257.6
DTW,EWR,FALSE,FALSE,FALSE,257.6
DTW,EWR,FALSE,FALSE,FALSE,257.6
DTW,EWR,FALSE,FALSE,FALSE,257.6
DTW,EWR,FALSE,FALSE,FALSE,257.6
DTW,EWR,FALSE,FALSE,FALSE,257.6
DTW,EWR,FALSE,FALSE,FALSE,257.6
DTW,EWR,FALSE,FALSE,FALSE,257.6
DTW,EWR,FALSE,FALSE,FALSE,257.6
DTW,EWR,FALSE,FALSE,FALSE,257.6
DTW,EWR,FALSE,FALSE,FALSE,257.6
DTW,EWR,FALSE,FALSE,FALSE,257.6
DTW,EWR,FALSE,FALSE,FALSE,257.6
DTW,EWR,FALSE,FALSE,FALSE,257.6
DTW,EWR,FALSE,FALSE,FALSE,257.6
DTW,EWR,FALSE,FALSE,FALSE,257.6
DTW,EWR,FALSE,FALSE,FALSE,257.6
DTW,EWR,FALSE,FALSE,FALSE,257.6
DTW,EWR,FALSE,FALSE,FALSE,257.6
DTW,EWR,FALSE,FALSE,FALSE,317.58
DTW,EWR,FALSE,FALSE,TRUE,348.6
DTW,IAD,FALSE,FALSE,TRUE,181.6
DTW,IAD,FALSE,FALSE,FALSE,253.6
DTW,IAD,FALSE,FALSE,TRUE,298.6
DTW,IAD,FALSE,FALSE,TRUE,348.6
DTW,IAD,FALSE,FALSE,TRUE,348.6
DTW,IAD,FALSE,FALSE,FALSE,356.1
DTW,IAD,FALSE,FALSE,FALSE,356.1
DTW,IAD,FALSE,FALSE,FALSE,356.1
DTW,IAD,FALSE,FALSE,TRUE,1128.6
DTW,JFK,FALSE,FALSE,TRUE,248.6
DTW,JFK,FALSE,FALSE,TRUE,248.6
DTW,JFK,FALSE,FALSE,TRUE,248.6
DTW,JFK,FALSE,FALSE,TRUE,248.6
DTW,JFK,FALSE,FALSE,TRUE,248.6
DTW,JFK,FALSE,FALSE,FALSE,256.1
DTW,JFK,FALSE,FALSE,FALSE,256.1
DTW,JFK,FALSE,FALSE,FALSE,256.1
DTW,JFK,FALSE,FALSE,FALSE,256.1
DTW,JFK,FALSE,FALSE,FALSE,257.6
DTW,JFK,FALSE,FALSE,TRUE,273.6
DTW,JFK,FALSE,FALSE,TRUE,273.6
DTW,JFK,FALSE,FALSE,FALSE,318.6
DTW,JFK,FALSE,FALSE,FALSE,318.6
DTW,JFK,FALSE,FALSE,TRUE,328.6
DTW,JFK,FALSE,FALSE,FALSE,495.09
DTW,JFK,FALSE,FALSE,FALSE,500.69
DTW,JFK,FALSE,FALSE,FALSE,500.69
DTW,JFK,FALSE,FALSE,FALSE,532.7
DTW,JFK,FALSE,FALSE,FALSE,572.09
DTW,JFK,FALSE,FALSE,FALSE,577.69
DTW,JFK,FALSE,FALSE,FALSE,581.09
DTW,JFK,FALSE,FALSE,FALSE,586.69
DTW,JFK,FALSE,FALSE,FALSE,617.1
DTW,JFK,FALSE,FALSE,FALSE,622.7
DTW,JFK,FALSE,FALSE,FALSE,642.7
DTW,JFK,FALSE,FALSE,FALSE,757.1
DTW,JFK,FALSE,FALSE,FALSE,855.7
DTW,JFK,FALSE,FALSE,FALSE,863.1
DTW,JFK,FALSE,FALSE,FALSE,868.7
DTW,LAX,FALSE,FALSE,TRUE,278.59
DTW,LAX,FALSE,FALSE,TRUE,278.59
DTW,LAX,FALSE,FALSE,FALSE,329.58
DTW,LAX,FALSE,FALSE,FALSE,357.6
DTW,LAX,FALSE,FALSE,FALSE,369.1
DTW,LAX,FALSE,FALSE,FALSE,369.1
DTW,LAX,FALSE,FALSE,FALSE,369.1
DTW,LAX,FALSE,FALSE,FALSE,369.1
DTW,LAX,FALSE,FALSE,FALSE,370.6
DTW,LAX,FALSE,FALSE,FALSE,370.6
DTW,LAX,FALSE,FALSE,FALSE,370.6
DTW,LAX,FALSE,FALSE,FALSE,370.6
DTW,LAX,FALSE,FALSE,FALSE,370.6
DTW,LAX,FALSE,FALSE,FALSE,370.6
DTW,LAX,FALSE,FALSE,FALSE,370.6
DTW,LAX,FALSE,FALSE,FALSE,370.6
DTW,LAX,FALSE,FALSE,FALSE,370.6
DTW,LAX,FALSE,FALSE,FALSE,370.6
DTW,LAX,FALSE,FALSE,FALSE,370.6
DTW,LAX,FALSE,FALSE,FALSE,370.6
DTW,LAX,FALSE,FALSE,FALSE,370.6
DTW,LAX,FALSE,FALSE,FALSE,370.6
DTW,LAX,FALSE,FALSE,FALSE,370.6
DTW,LAX,FALSE,FALSE,FALSE,370.6
DTW,LAX,FALSE,FALSE,FALSE,370.6
DTW,LAX,FALSE,FALSE,FALSE,370.6
DTW,LAX,FALSE,FALSE,FALSE,370.6
DTW,LAX,FALSE,FALSE,FALSE,370.6
DTW,LAX,FALSE,FALSE,FALSE,370.6
DTW,LAX,FALSE,FALSE,FALSE,370.6
DTW,LAX,FALSE,FALSE,FALSE,370.6
DTW,LAX,FALSE,FALSE,FALSE,370.6
DTW,LAX,FALSE,FALSE,FALSE,370.6
DTW,LAX,FALSE,FALSE,FALSE,370.6
DTW,LAX,FALSE,FALSE,FALSE,371.58
DTW,LAX,FALSE,FALSE,FALSE,401.58
DTW,LAX,FALSE,FALSE,FALSE,401.58
DTW,LAX,FALSE,FALSE,FALSE,436.6
DTW,LAX,FALSE,FALSE,FALSE,448.6
DTW,LAX,FALSE,FALSE,FALSE,448.6
DTW,LAX,FALSE,FALSE,FALSE,448.6
DTW,LAX,FALSE,FALSE,FALSE,453.6
DTW,LAX,FALSE,FALSE,FALSE,453.6
DTW,LAX,FALSE,FALSE,FALSE,453.6
DTW,LAX,FALSE,FALSE,FALSE,490.6
DTW,LAX,FALSE,FALSE,FALSE,511.6
DTW,LAX,FALSE,FALSE,TRUE,548.6
DTW,LAX,FALSE,FALSE,TRUE,548.6
DTW,LAX,FALSE,FALSE,TRUE,548.6
DTW,LAX,FALSE,FALSE,TRUE,548.6
DTW,LAX,FALSE,FALSE,TRUE,548.6
DTW,LAX,FALSE,FALSE,TRUE,548.6
DTW,LAX,FALSE,FALSE,FALSE,609.59
DTW,LAX,FALSE,FALSE,FALSE,619.61
DTW,LAX,FALSE,FALSE,FALSE,698.87
DTW,LAX,FALSE,FALSE,FALSE,704.47
DTW,LAX,FALSE,FALSE,FALSE,734.59
DTW,LAX,FALSE,FALSE,FALSE,747.19
DTW,LAX,FALSE,FALSE,FALSE,759.35
DTW,LAX,FALSE,FALSE,FALSE,791.6
DTW,LAX,FALSE,FALSE,FALSE,937.2
DTW,LAX,FALSE,FALSE,FALSE,941.6
DTW,LAX,FALSE,FALSE,FALSE,1880.7
DTW,LAX,FALSE,FALSE,FALSE,1880.7
DTW,LAX,FALSE,FALSE,FALSE,2433.1
DTW,LAX,FALSE,FALSE,FALSE,2433.1
DTW,LAX,FALSE,FALSE,FALSE,2433.1
DTW,LGA,FALSE,FALSE,TRUE,190.59
DTW,LGA,FALSE,FALSE,FALSE,210.1
DTW,LGA,FALSE,FALSE,FALSE,210.1
DTW,LGA,FALSE,FALSE,FALSE,210.1
DTW,LGA,FALSE,FALSE,FALSE,210.1
DTW,LGA,FALSE,FALSE,FALSE,210.1
DTW,LGA,FALSE,FALSE,FALSE,210.1
DTW,LGA,FALSE,FALSE,FALSE,210.1
DTW,LGA,FALSE,FALSE,FALSE,211.6
DTW,LGA,FALSE,FALSE,FALSE,211.6
DTW,LGA,FALSE,FALSE,FALSE,211.6
DTW,LGA,FALSE,FALSE,FALSE,211.6
DTW,LGA,FALSE,FALSE,FALSE,211.6
DTW,LGA,FALSE,FALSE,FALSE,211.6
DTW,LGA,FALSE,FALSE,FALSE,211.6
DTW,LGA,FALSE,FALSE,FALSE,211.6
DTW,LGA,FALSE,FALSE,FALSE,211.6
DTW,LGA,FALSE,FALSE,FALSE,211.6
DTW,LGA,FALSE,FALSE,FALSE,211.6
DTW,LGA,FALSE,FALSE,FALSE,211.6
DTW,LGA,FALSE,FALSE,FALSE,211.6
DTW,LGA,FALSE,FALSE,FALSE,211.6
